x,y,v,kappa
-5.558162299588669,0.3458080257941547,5.360150848280683,0.509421986761605
-5.476468061657243,0.28855827207836743,5.4321160515191185,0.489455569657887
-5.392078116737177,0.23536668859038123,5.505288946001734,0.4709583467808912
-5.305273722040085,0.18618414347756004,5.579158567352764,0.4484522919531564
-5.216376570988521,0.14094432543839752,5.656260287085513,0.4267923520971945
-5.125603563505262,0.09952020116868007,5.736222948318095,0.4082282622770381
-5.033253550790486,0.06184106008400683,5.817462794537872,0.3905012584682056
-4.939466806004033,0.027772134924311305,6.194805108326789,0.3722994941801623
-4.844336275177969,-0.0021203403501708616,6.283072327994265,0.3544993229793962
-4.747861381286249,-0.02733098434267687,6.3731810137011315,0.33724095725858205
-4.650428016439947,-0.04799533603349089,6.465084570180864,0.32032402716211134
-4.552211451764624,-0.06434799994437565,6.558866267395863,0.3035811370849739
-4.453538769663451,-0.07662766789533533,6.654186995891316,0.28702601034320785
-4.354518414009651,-0.08514988520444192,6.747323496586717,0.2706209660314821
-4.255401447250137,-0.09023322586915457,6.838382971683913,0.2543235503045681
-4.156228108905674,-0.0922467134469763,6.927464199926897,0.23811157022917165
-4.057168054214502,-0.09155871001612234,7.014658435218402,0.22194360337698513
-3.958200468911638,-0.0885622187432867,7.10005018560488,0.20579996532031952
-3.8594191920380143,-0.08364355219618763,7.183717891538812,0.1896570179750466
-3.7607576367594837,-0.07719094049528279,7.265734518893395,0.17350034321771962
-3.6622481743194077,-0.06957861248655083,7.346168079470828,0.15731929321490404
-3.563798891292298,-0.061164761531331824,7.425082089554152,0.1410962224543731
-3.4654004151113806,-0.052286271947298624,7.502535975285011,0.12483776069544235
-3.3669576490571806,-0.04325161822213498,7.578585432215249,0.10851953693012435
-3.2684407908182553,-0.03434168650503497,7.6532827452095855,0.09216535078022971
-3.16977168407305,-0.02580213831297304,7.7266770739159725,0.07575709552124772
-3.070919270408266,-0.0178464974643735,7.79881470822796,0.05932197839191178
-2.971893681805208,-0.009971649344109365,7.869739297506863,0.04281264199042172
-2.872739253698705,-0.0016596571530817783,7.939492056784789,0.026283106459325172
-2.7734436141545973,0.006926737144318157,8.008111952712524,0.009764749711767424
-2.673989276319728,0.015624499144740941,8.07563587163236,-0.0067494561829218825
-2.574368981028406,0.024268942471398366,8.142098771832314,-0.023259803661134303
-2.474564298435449,0.03269559355026799,8.20753382176433,-0.03976308672430311
-2.374603530348371,0.040740399975203116,8.27197252577633,-0.05221191987234959
-2.274483878685368,0.04827268337773388,8.335444838709781,-0.06390021018134046
-2.1742243733129323,0.055175181733865104,8.397979270544763,-0.07319105680544333
-2.0738316783614548,0.06134999514710338,8.459602982129084,-0.08204367853328484
-1.9733106521190191,0.06670799519532208,8.520341872902744,-0.08965439727017638
-1.8726857236856496,0.07116872111048464,8.580220661420977,-0.09703745481347906
-1.7719950531404383,0.07466239449933794,8.639262959385546,-0.098793114611032
-1.6712766055996606,0.07716351315533398,8.697491339812752,-0.09941500883421416
-1.5705788986467653,0.07867103429762874,8.754927399895974,-0.09514734670514431
-1.4699165084746608,0.07922295306040397,8.811591819058894,-0.08988195360628669
-1.369324434687365,0.0788739887464273,8.867504412641606,-0.08375509633451939
-1.268786733086261,0.07768559721394694,8.922684181614624,-0.07745526156550206
-1.1683379416938853,0.07572223018511666,8.977149358674149,-0.0712354747103259
-1.0679516488381102,0.07304668335825977,9.030917451035497,-0.06504178085180413
-0.9676597716628242,0.06972259831195006,9.08400528020924,-0.05890013743700685
-0.8674374036286152,0.06581144752213622,9.136429019016083,-0.05278196159263231
-0.767307106139521,0.061375986826680225,9.188204226071257,-0.046675073121693715
-0.6672526563805795,0.05647721227129214,9.239345877946688,-0.04058159110730887
-0.5672822832023013,0.0511770359991689,9.289868399199298,-0.034434916495756425
-0.4673933058548746,0.0455371667480466,9.339785690435974,-0.02828300879203407
-0.3675749058553869,0.039618773653766516,9.389111154569864,-0.022182748980912617
-0.26784126017691023,0.033483990407428124,9.437857721408465,-0.016096205095359774
-0.16816018168284433,0.027191636245195952,9.48603787070128,-0.01017994562346899
-0.06856566226998012,0.020803227544080885,9.533663653763346,-0.004300036526612299
0.03099383750401609,0.014374205129444137,9.580746713780794,0.0015993020520968903
0.13046385832489898,0.007966879517620679,9.627298304895266,0.007515704032696159
0.2299137258927023,0.001635826941111737,9.673329310155824,0.013585794178561332
0.32927118015148765,-0.004554223763200874,9.71885025841939,0.019713177833265493
0.42862206713780504,-0.010547734906195316,9.763871340274063,0.025973402581357944
0.5278771729705685,-0.016277536155851896,9.808402423053453,0.03229234935580751
0.627134982370832,-0.021686775049597276,9.848673645160346,0.038762403409612095
0.726295547699377,-0.026706441477833034,9.712106545145652,0.0452905246084703
0.8254627622595357,-0.03127743416042124,9.578539191258779,0.052012193510519215
0.9245318483128243,-0.03532921643997866,9.4478601496488,0.05880474286443357
1.0235859244366716,-0.039480973101485295,9.320091102058957,0.06580719195669503
1.1225191027745596,-0.044324409680684934,9.195119385926345,0.07287454270555901
1.221463317691798,-0.049738450376799,9.072974400231672,0.08015870153423266
1.320354145012068,-0.05555983135459587,8.953540415925588,0.08749869659760189
1.419316711830084,-0.06159425739501677,8.836872602724426,0.09508184219892495
1.5182990346527305,-0.06761389153605504,8.722850015381777,0.10270779155101141
1.617401717834319,-0.0733638405317132,8.611656937380658,0.11072041268981668
1.7165846568790561,-0.07856635300291531,8.50318200339921,0.11877552983569593
1.815904986078489,-0.08292462150788812,8.397628299735953,0.1272604855802309
1.9153337994949664,-0.08613113628345417,8.293890816900793,0.13576824747846136
2.0148669484613877,-0.08787260987066571,8.192049197536374,0.1445883855021375
2.1144848168903883,-0.08783644191052017,8.091909508040557,0.15339437687448526
2.2141072124161867,-0.08572309080210391,7.993523705212596,0.16248678609817388
2.313724480430782,-0.08123937749332702,7.896675249772465,0.17153938372661912
2.4131708530005147,-0.07412943253911618,7.801444122269702,0.18092333874125846
2.5124522841978,-0.06414036454544225,7.707597166263337,0.19025005332612954
2.611314236468393,-0.051087108803659506,7.615206815472431,0.19991223526117727
2.709787764803566,-0.03477248681258673,7.5240230121109795,0.2095026656844833
2.8075348056075944,-0.015104447222624688,7.434104920432566,0.21943002424916067
2.90479148285078,0.007390030209565669,6.9954210380036015,0.22928463073388167
3.0013770770276924,0.032070125745636766,6.911750568931087,0.23949355715478637
3.097489015519909,0.059091034537838434,7.17026856249744,0.2496303656603094
3.1939145976305263,0.08497080488178917,7.084015703763687,0.2601259257453621
3.292305305238191,0.10687961009915281,6.998308369217453,0.2705824912207012
3.3923905513310335,0.12596939291608544,6.913144452765931,0.281394020094902
3.4942759988300907,0.14417371086402625,6.828234573398133,0.2921834627979342
3.596995173786519,0.1634914252965478,6.743582913185576,0.30339480164856075
3.6999996934036004,0.18635559898639828,6.658934374624134,0.31468748438992
3.8017161857681074,0.2147395845436686,6.574103193031176,0.3262051425085293
3.9011668125009256,0.25065096875220766,6.488754205937646,0.33778235254871986
3.9965870387214264,0.295174560769553,6.402899927177549,0.3499859413037979
4.087046034217299,0.3491612623655847,6.316426572883022,0.36267288556573496
4.173380172470694,0.40939549759823424,6.22902780512466,0.37561987599900143
4.257705159768833,0.47306254420320726,6.140417167680605,0.38837262510271314
4.339509699775261,0.5399603791109107,6.050382150850626,0.39880200054365805
4.418824487837006,0.6102822538654445,5.956678472485253,0.41121667256687267
4.4952807542165845,0.6839338377463753,5.867538743302683,0.44004149981153523
4.568830759298517,0.7613012182074623,5.783693641472507,0.4669639750830301
4.638578846314192,0.8417775273681279,5.701578542965235,0.44111245988108116
4.7045057269868265,0.9249816960865939,5.594230772813445,0.4123345355014675
4.76749989754094,1.0118479751580103,5.496517167553608,0.5088799970100958
4.826900696696519,1.1033512569387305,5.470689007955661,0.6486082647228603
4.879913504190437,1.1974911181550087,5.450109414764032,0.5972545301236455
4.926678653393487,1.2931423009450558,5.4075115786502,0.4378478028143685
4.969518380385667,1.3916246129174323,5.259019351978203,0.42137589483079013
5.008620267484867,1.4937336179890635,5.156507085443739,0.5941170847005364
5.041813229239667,1.5994709714732014,5.152884515255262,0.7895741778474016
5.066835970703378,1.7076748360718872,5.150845630248559,0.7933633359989221
5.083127442043525,1.8147958946863556,5.148911431951604,0.6493408955304091
5.092486932359996,1.9206827104846973,5.2208040490456336,0.4535239076425844
5.097054798436196,2.0275185094167276,5.262263399469023,0.3812083811999296
5.097159941767187,2.136374809296687,5.149467199407975,0.5758473225357644
5.090675100915196,2.247048980138859,5.1404997560125665,0.7834390349330084
5.075650293244043,2.3578877435095595,5.138465943807061,0.7976838459842527
5.0486351752119445,2.4651228133516545,5.136536221595338,0.772208396074417
5.006824215430396,2.5677631253095328,5.131433043322661,0.7730968826605819
4.952098590201629,2.663697464870817,5.12391384867069,0.7920518562594384
4.886753813035546,2.751911710409057,5.1172788573938375,0.79611655650902
4.813805885163902,2.8316651371310484,5.112176782834726,0.8009257430528719
4.735643853987787,2.904148764597203,4.377498050959585,0.8026195642173802
4.653195233219931,2.9684270783290247,4.374861863697994,0.8078082636250906
4.566869968859624,3.024414850500067,4.373131405426016,0.8106054871172844
4.478990730048165,3.073605059996733,4.37148866657174,0.8093586856278827
4.391059070749547,3.118029223504366,4.370690062759139,0.8061649673759319
4.302035163422154,3.1564572671992774,4.371429927794335,0.809597827184596
4.211245870987058,3.1871050350028858,4.3705377389349005,0.7906988428853823
4.119806241549043,3.2115388823707995,4.378042676594052,0.7695855716411485
4.028059330093003,3.2315273542216385,4.393393342511294,0.7139387964959614
3.9360704616418563,3.2487618643674696,4.430274264257123,0.6609868829542791
3.8437852384483455,3.2644848147559116,4.48407145695581,0.6139482673333165
3.750501641046608,3.2769957802682215,4.54993413848339,0.5694588834983199
3.656260283576117,3.2841978253613666,4.6255270074602555,0.5221438476507093
3.5612639507564654,3.2864709359221984,4.71149346760485,0.47708201161039554
3.465905814620807,3.2841900993291753,4.806323760008394,0.43576320860810097
3.370282083009764,3.2777181740024655,4.908169977133928,0.3954294946178609
3.2746314935854772,3.267426538158918,5.008752243104848,0.35482737294456984
3.1789752223591643,3.253679973197578,5.106363400109851,0.315035383349622
3.0834437628626867,3.236859347847381,5.2011980266888775,0.2758404837267557
2.9880114417197543,3.217323965091857,5.293430448151562,0.2369938820769272
2.8927038780189207,3.195445766654978,5.383217570896398,0.1980282195899411
2.7974659444895966,3.1715861662443743,5.470701226241406,0.15914775945209778
2.7022414638188565,3.14611137493579,5.556010123687956,0.11983340855152341
2.6069588172078912,3.1193922642167267,5.639261490337472,0.08059207062890218
2.5115118127648075,3.09179461137049,5.72056245598178,0.0416002008200701
2.415830658871025,3.063697530989775,5.800011230490003,0.0032829396026725923
2.319814766177813,3.0354637994261067,5.877698110338384,-0.031236814053945672
2.223430992067255,3.007449270959162,5.953706343644806,-0.06316985738695022
2.126685791563982,2.9799735061974064,6.028112877286341,-0.08092315503810435
2.029582439018643,2.953242473052397,6.100989005170796,-0.09659114905914816
1.9321778623312964,2.9274220576443146,6.172400933191721,-0.10087433698588182
1.8344827465435545,2.902574443071923,6.242410273592638,-0.10443523139234599
1.7365403618117727,2.87874244993645,6.311074479230982,-0.10386397032945277
1.6378295484871916,2.858316407439565,6.37844722643805,-0.10331419486400617
1.5379844428717908,2.843470302922966,6.444578753722119,-0.10278122296601577
1.4372912825165673,2.8335469823092874,6.509516162384428,-0.10215534307145673
1.3360841947972109,2.8274990548252616,8.034037836190285,-0.10093197897923217
1.2350834767506982,2.8218407123815337,8.110645791319387,-0.09974398193333765
1.1348711439713333,2.813038373229595,8.185947067153712,-0.09869045939044374
1.035515603981518,2.799933487181653,8.259986837026014,-0.09766803704271727
0.9369805796558275,2.7817310453435016,8.3328077667412,-0.09675878153955915
0.8391483875578266,2.7581044862826967,8.40445020523799,-0.09586697473003122
0.7418112071958226,2.7292548438211366,8.474952357004597,-0.09502628942501626
0.6444290255897479,2.6983615932323004,8.544350438338272,-0.09420266907859111
0.5465375445010512,2.668887958611036,8.612678819261571,-0.09342871741938417
0.4480701178687825,2.641849862030566,8.679970152672423,-0.09266848913270335
0.34898654136893786,2.618174931771416,8.74625549210428,-0.09194675916202591
0.24931062247134608,2.5986516362225203,8.811564399300572,-0.09123609816706243
0.1490879556341701,2.5838783609858655,8.875925042660027,-0.09055461885838459
0.04841839463856223,2.574231254443392,8.93936428748238,-0.08986434276601186
-0.05246826434928941,2.567662054697994,9.001907778834052,-0.08908466611365595
-0.15339430465283796,2.561990493242848,9.063580017758342,-0.08833690325063925
-0.2543610729855632,2.5572089890030187,9.124404431472133,-0.0877643850554327
-0.35535600514563703,2.553312030766041,9.184403438119023,-0.08725776997616314
-0.45638088218084716,2.5502948887695074,9.243598506586233,-0.08715580653027909
-0.5574258513241657,2.548156316074273,9.30201021183753,-0.0870709700578262
-0.6584859425945547,2.5468956735274606,9.359658286166313,-0.08708600809975436
-0.7595541028917161,2.5465130954984705,9.416561666730646,-0.08710428732990344
-0.8606206726530843,2.547008806124681,9.472738539694696,-0.08713081859514633
-0.9616819330536157,2.548383066918754,9.528206381268072,-0.08716196591797164
-1.0627248877549795,2.5506360309224925,9.582981995905474,-0.08720781965365734
-1.163749814714563,2.553768185956656,9.637081551903165,-0.0872787144734967
-1.2647417580298335,2.557780011107442,9.690520614605902,-0.0874994923891368
-1.3657025554905389,2.5626736655191213,9.743314177417478,-0.0876732599930961
-1.4666084722636685,2.568449305699386,9.795476690789942,-0.08752559942977033
-1.567465624317998,2.5751061748355526,9.847022089350167,-0.08738232284820711
-1.6682508909823515,2.582641280678104,9.897963817308058,-0.08725803290421087
-1.7689549013398231,2.5910522757631487,9.948314852277594,-0.08643826597916339
-1.8695026480900434,2.6003174478934716,9.998087727630212,-0.08095531322001397
-1.9698783419072976,2.610384182655314,10.047294553489593,-0.07478719026140422
-2.0700186019323374,2.6211753825498847,10.095947036467457,-0.06383587081744156
-2.1699219875592646,2.632584165174667,10.144056498231384,-0.052702296910335705
-2.2695813619036582,2.6444936654148656,10.191633892988097,-0.04022986082469928
-2.36900592062168,2.6567794144623056,10.214976074766003,-0.02777874696223018
-2.4682155820161547,2.6693176305293798,10.052879071521886,-0.015467666264635992
-2.567219575284077,2.6819849285022093,9.874282542774102,-0.003157902636636044
-2.6660409716088607,2.6946605961726315,9.684292012238988,0.009127117220552811
-2.764687150133604,2.707222778356512,9.501432844459167,0.02141677285676973
-2.8629177855926566,2.7217156656696453,9.325295390861589,0.03371957273809339
-2.960530308874785,2.740060874103034,9.155478989073169,0.04602226823764279
-3.057667505053067,2.7617788928087754,8.991588832237895,0.05830994291270439
-3.154500748799506,2.7861671691575483,8.833261345398752,0.07059789953266483
-3.2512373865108866,2.812335125784506,8.678974970378604,0.08288223022998158
-3.348080201538064,2.8392450774833318,8.528004898111552,0.09516596316381905
-3.4450921391269542,2.867464587555095,8.379915912093233,0.10743994782800273
-3.542383234554023,2.8974143561925843,8.234273224642616,0.11971850475266711
-3.6401991992343197,2.9276176859669927,8.090629638334976,0.13200717237701065
-3.738731063493047,2.956477698503485,7.948511793755726,0.14430223899328312
-3.838077702894494,2.9823682701912446,7.807388751946777,0.15657013978914006
-3.938240229188507,3.0037309382453956,7.666745419904329,0.16887950209421768
-4.0390919972879535,3.0191683902287902,7.52611678334776,0.18135478996936258
-4.140475339660138,3.029709355338104,6.713501483625785,0.19383030667435622
-4.242285497426441,3.0365714531734347,6.583608372148348,0.20597223801893608
-4.34437458294338,3.0389139777929106,6.451946871859869,0.21878277746932914
-4.4465387820887186,3.0360526425625327,6.321081071370895,0.23665935107908195
-4.548515856089888,3.027475926447495,6.190890841596894,0.2555226742549751
-4.650278654753258,3.0145632215202314,6.065540992410861,0.28205219594035574
-4.751897355329352,2.9987439871931483,5.944649624785262,0.3088741592510569
-4.853256935317279,2.9797395621837786,5.828189421989654,0.33654457978828484
-4.954180142706122,2.9572753733852433,5.7159247305600065,0.36469275400261586
-5.0545123378888155,2.9310662076656424,5.607882141350734,0.3937265578801156
-5.1539955127449995,2.9008459495033736,5.503982634431291,0.42341878939937305
-5.25242125451141,2.8663285174077004,5.404421025033054,0.4541750018285402
-5.349444414408378,2.8272661366867964,5.309459506449717,0.48600059677487883
-5.444785209734012,2.783376419509168,5.2202053583309205,0.5201736586546835
-5.537995487942183,2.7344341682943045,5.137287155442663,0.5554970820378089
-5.628673388148152,2.6801873776979916,5.061493678300212,0.591889675063836
-5.716279333437135,2.620458001808788,4.994466113717783,0.6303510500871847
-5.8002917872987965,2.55503886998528,4.940222311853824,0.6741561284352802
-5.880014760829346,2.4838125960602193,4.901825131752231,0.7198754304513656
-5.95470810760588,2.406716853492196,4.8806495082700065,0.7629172506666246
-6.0235217259910865,2.3238812393025947,4.878718713799844,0.8032493335900679
-6.085548909705473,2.2358160075304467,4.876886328640932,0.8002419556159659
-6.1403637887444695,2.143054737233925,4.876849459955919,0.8030715409032981
-6.187581949489429,2.0462195792212454,4.875442347271626,0.8010939982804166
-6.226908515678291,1.9459377015127524,4.875252290780086,0.8026449160634058
-6.2580908836655675,1.8428525535934306,4.874342222677913,0.8005773688057133
-6.280953647066463,1.7375776422955134,4.874602585118752,0.8009180750268032
-6.295339635144994,1.630894609473742,4.8746501303526015,0.797571070797946
-6.301201159610096,1.5233289493337647,4.87631650456429,0.7979124542681246
-6.298504475665774,1.415763140472685,4.8775158478905425,0.7939458587826058
-6.287292740272576,1.30865193081262,4.880427972668955,0.7932266760537421
-6.26603651299055,1.2033328647025552,4.883165662578852,0.7887577016479758
-6.233470054508941,1.1011336086166055,4.887586515803748,0.7893476602082664
-6.1904472011848,1.0034497431155065,4.890927463019296,0.7860337814855689
-6.138111947049301,0.9112499498406758,4.895285578707878,0.7812599537541709
-6.078143603358417,0.8254052242737527,4.901194241276667,0.682511240310822
-6.012409277236721,0.7452988694611019,4.954054123059265,0.5932331763967225
-5.9424722205585345,0.6699995412183244,5.0417163068962525,0.596245338621415
-5.869320456008019,0.5989618252815803,5.114488187867522,0.5991293497044018
-5.793803925712275,0.531731053334171,5.174843369855566,0.5820081238668126
-5.716498498583262,0.4675499304719246,5.234953712662429,0.5672816455656507
-5.63789219677513,0.40580762752499794,5.293945612616363,0.5374549514435615
-5.558162299588669,0.3458080257941547,5.360150848280683,0.509421986761605
