timestamp,x_m,y_m,vx_mps,vy_mps,s_m,d_m (lateral_error),abs_lateral_error
1762251092.1160014,10.119956506242692,0.21638191269566318,3.558781221341287,0.0,2.31368704621799,-1.956601208486981,1.956601208486981
1762251092.1380389,10.112870598841647,0.28307584093134297,3.555545170950389,0.0,2.357192892098083,-1.9513587683714366,1.9513587683714366
1762251092.1647582,10.108323733112732,0.4086241744070767,3.5491102313370604,0.0,2.429616118938634,-1.952633044740562,1.952633044740562
1762251092.2090116,10.07197218626322,0.5497757774020351,3.5474642778816623,0.0,2.5232311872217315,-1.9265672455244056,1.9265672455244056
1762251092.2434597,10.056513791885006,0.7198845467321325,3.549181928507339,0.0,2.6281926889562714,-1.9286044047586215,1.9286044047586215
1762251092.2813287,10.009691348569017,0.8066552861528677,3.547141238356012,0.0,2.683791923289915,-1.8932180678286903,1.8932180678286903
1762251092.3091772,9.969678880818968,0.9528940940817506,3.5413914505198334,0.0,2.7792608264241667,-1.8756704415136662,1.8756704415136662
1762251092.3382752,9.945309157496672,1.0432621569521472,3.546352722703899,0.0,2.838291695675736,-1.8673592837046689,1.8673592837046689
1762251092.3639283,9.907778903536263,1.2090612447885842,3.5418827404211273,0.0,2.957013733951615,-1.8634657738089209,1.8634657738089209
1762251092.430305,9.852701978200004,1.4225076575730355,3.540755766816742,0.0,3.092644002382009,-1.8600468177701956,1.8600468177701956
1762251092.4778204,9.815194522851236,1.5655054706491154,3.5250198231209655,0.0,3.187617922350041,-1.8623325245236746,1.8623325245236746
1762251092.515857,9.77185738442299,1.7186319546216422,3.5285445424203448,0.0,3.2912165944736502,-1.866344624851,1.866344624851
1762251092.5431132,9.724310936554792,1.8564850818851475,3.518261965398896,0.0,3.385004986959295,-1.8659965529549591,1.8659965529549591
1762251092.5683424,9.69718997172215,1.9273442223300823,3.5028761388995373,0.0,3.4347574519872137,-1.8648620751685698,1.8648620751685698
1762251092.6042519,9.627599730983192,2.062540332528558,3.5073897131773224,0.0,3.533815028432979,-1.849158747890662,1.849158747890662
1762251092.6670191,9.567463287798377,2.186833716775047,3.541819614092276,0.0,3.6267230321719297,-1.842042852689338,1.842042852689338
1762251092.7255578,9.509996607267798,2.3905672079002023,3.5184222290692033,0.0,3.7634235250578776,-1.8750966127401,1.8750966127401
1762251092.7650201,9.325573662230523,2.588280449874795,3.478969848460223,0.0,3.930637129116107,-1.8017760732506722,1.8017760732506722
1762251092.7897973,9.303027187538182,2.6301862452152736,3.495606520642659,0.0,3.9633334350148774,-1.8023348936724617,1.8023348936724617
1762251092.8417902,9.19479128406548,2.7404581096096026,3.472258448880165,0.0,4.061855616780932,-1.7638340301421835,1.7638340301421835
1762251092.891645,9.065397529314506,2.8706278590889753,3.4621394840887,0.0,4.176091404546251,-1.7226015271127157,1.7226015271127157
1762251092.9281504,8.845807205480348,3.0466484148409476,3.4781122812983813,0.0,4.361059625000828,-1.6405146011145768,1.6405146011145768
1762251092.957664,8.737571667065744,3.1230015524986925,3.4601251023869306,0.0,4.443242145608201,-1.5990203837954267,1.5990203837954267
1762251093.0206342,8.708311499822525,3.1547419433591446,3.480710877874429,0.0,4.472409174008394,-1.5951333744761205,1.5951333744761205
1762251093.0481997,8.51333886345755,3.12854545029289,3.4807059791947577,0.0,4.542998065023868,-1.4259538786407902,1.4259538786407902
1762251093.0742555,8.46580014418911,3.1826582643291235,3.476791322150908,0.0,4.5937109899905515,-1.4235280349687318,1.4235280349687318
1762251093.0988672,8.43781808352181,3.263539067124273,3.483094939002109,0.0,4.652235022486398,-1.4544860069563614,1.4544860069563614
1762251093.1204314,8.455001683528454,3.2848484465102414,3.4794044378477524,0.0,4.655157157082611,-1.481418826110525,1.481418826110525
1762251093.1439085,8.392661857051502,3.353192431254319,3.480963384873119,0.0,4.718100094984295,-1.4798459277643852,1.4798459277643852
1762251093.1713097,8.28518728966,3.4435363567016513,3.47754437790201,0.0,4.813132344962145,-1.462391151244261,1.462391151244261
1762251093.225293,8.160011551131484,3.5597227504994473,3.4802647393181347,0.0,4.931902147512668,-1.455130082137193,1.455130082137193
1762251093.2701485,7.996093976121735,3.749806423176576,3.479193756054772,0.0,5.107722514894469,-1.4830119396180592,1.4830119396180592
1762251093.3321996,7.8615162606428735,3.898692039601312,3.4771311374113396,0.0,5.251995238204056,-1.5091879844063598,1.5091879844063598
1762251093.3748913,7.679124903774116,4.093412984287169,3.4813385646267263,0.0,5.4448210632749605,-1.5502195342299143,1.5502195342299143
1762251093.4219885,7.507067148400001,4.217635282715152,3.3098589240395895,0.0,5.601490797227602,-1.5507467714937941,1.5507467714937941
1762251093.450142,7.362643152612416,4.302736410916014,3.225953406420399,0.0,5.727273336517944,-1.5408975894456547,1.5408975894456547
1762251093.480735,7.212207697198682,4.332149071588374,3.1120518256263106,0.0,5.8352107932943476,-1.4850469575176763,1.4850469575176763
1762251093.5149224,7.114526550370548,4.398146699832246,2.900947818668125,0.0,5.924697318882718,-1.490831084490019,1.490831084490019
1762251093.5558016,7.054363913759026,4.425325678486142,2.63566213915771,0.0,5.97356871914615,-1.4838284926150074,1.4838284926150074
1762251093.5937085,6.91639077532025,4.469350391509321,2.0583588517762963,0.0,6.0833049327266675,-1.4542728360534074,1.4542728360534074
1762251093.6425602,6.740840708067622,4.5718354960494345,1.5320675636503653,0.0,6.242830051821987,-1.4625022318569583,1.4625022318569583
1762251093.6644542,6.7392997799034715,4.591631860911078,1.3926551469027229,0.0,6.249261200368512,-1.4794350886007006,1.4794350886007006
1762251093.6895921,6.75321714058882,4.594152535742047,1.1696351475751707,0.0,6.242193196819745,-1.4880069008757522,1.4880069008757522
1762251093.7151787,6.756817203242566,4.592332639180086,1.0058622941176323,0.0,6.238980848043167,-1.4880270588415712,1.4880270588415712
1762251093.734652,6.763653744043295,4.597750870032647,0.7985666319872599,0.0,6.236118834828193,-1.495967073973603,1.495967073973603
1762251093.7537215,6.761307189879783,4.596195223462703,0.7028610059153578,0.0,6.237211461067048,-1.4935121557477762,1.4935121557477762
1762251093.7752075,6.765413957679028,4.594392193165045,0.6930725513247838,0.0,6.233649224579502,-1.4937824984986392,1.4937824984986392
1762251093.8071666,6.7626542184489615,4.595316381353019,0.528443671296452,0.0,6.235938166547412,-1.4933447353439064,1.4933447353439064
1762251093.8331594,6.742041497309972,4.587860279890579,0.2991495391071323,0.0,6.246268799720761,-1.4773199426271681,1.4773199426271681
1762251093.8589866,6.731414870438385,4.582435210795045,0.2304644080077982,0.0,6.251293388906388,-1.467662167154565,1.467662167154565
1762251093.8906543,6.726176483264759,4.5746474072383805,-0.009309809856104002,0.0,6.25214930737415,-1.4583457593121671,1.4583457593121671
1762251093.9213703,6.724378567100165,4.572354477078472,-0.00046255522605477827,0.0,6.252605865768551,-1.4554869589693409,1.4554869589693409
1762251093.9524188,6.725439513697482,4.570056139511362,-0.009238106767323102,0.0,6.251059766339768,-1.4539194119277257,1.4539194119277257
1762251093.987182,6.720564107148031,4.567496449852554,-0.00895184810380831,0.0,6.253577745308646,-1.4494278151858855,1.4494278151858855
1762251094.0126157,6.717290039373987,4.567770896806093,-0.010716539086819306,0.0,6.256017837226205,-1.4481897529969439,1.4481897529969439
1762251094.0339594,6.716430736803764,4.564485577280528,-0.00770699519059054,0.0,6.255446186444386,-1.4448713697006952,1.4448713697006952
1762251094.0605633,6.706117729181124,4.567764339915418,-0.008089660025473991,0.0,6.264010390022354,-1.4431338548844626,1.4431338548844626
1762251094.0899334,6.711903181603662,4.5644906865779955,-0.002029476484951655,0.0,6.258687656621953,-1.4428271927575504,1.4428271927575504
1762251094.1166832,6.7060841081538864,4.562702474002851,-0.007596743154276377,0.0,6.2622087165838405,-1.4386021287033615,1.4386021287033615
1762251094.1463418,6.699205083322892,4.559660311865436,-0.007921146069607032,0.0,6.266040788644475,-1.4327826875268288,1.4327826875268288
1762251094.1882524,6.699270425798135,4.557754394365922,-0.007353678095997274,0.0,6.2653062207485535,-1.4311111641775873,1.4311111641775873
1762251094.2279842,6.6964957143421735,4.552796383466651,-0.008636743490333977,0.0,6.265506604017714,-1.4254345931224484,1.4254345931224484
1762251094.267809,6.687615733806107,4.547963926793682,-0.0068478700981681895,0.0,6.270137359999162,-1.4171183891116752,1.4171183891116752
1762251094.316403,6.689180327396557,4.542345924539176,-0.0005455637630162453,0.0,6.266983506291427,-1.4128080919492996,1.4128080919492996
1762251094.371356,6.681882362843911,4.541828122268746,-0.0005146346206119747,0.0,6.272042882332008,-1.4090584256586445,1.4090584256586445
1762251094.44932,6.682673724598422,4.544440405630759,-0.00650523529064418,0.0,6.272417211159839,-1.4117473812904464,1.4117473812904464
1762251094.5134542,6.683852888087695,4.547530896868617,-0.005849207344009622,0.0,6.272685146702441,-1.4150379213358253,1.4150379213358253
1762251094.56824,6.6835893027685245,4.548690556757877,-0.005731739383076361,0.0,6.273293099673187,-1.4159550238586212,1.4159550238586212
1762251094.5931313,6.681628428383911,4.551625281044613,0.0538383220301603,0.0,6.275761079221161,-1.4176947312111183,1.4176947312111183
1762251094.6161954,6.689802841460409,4.554074397489035,0.06596965254285922,0.0,6.270771735499983,-1.4235591498433193,1.4235591498433193
1762251094.655212,6.6848197334616195,4.551331182891582,0.06756652293163373,0.0,6.273361483552955,-1.4188668900088608,1.4188668900088608
1762251094.6912386,6.686863902633719,4.55598403660831,0.12414941205057649,0.0,6.273570806627424,-1.4239419583816928,1.4239419583816928
1762251094.7145605,6.692295404977637,4.5540059557148815,-0.00026106635491958863,0.0,6.268957608018777,-1.4246206672952388,1.4246206672952388
1762251094.7401044,6.70213911350277,4.555557329195857,-0.05576702442930218,0.0,6.262456202005163,-1.4304455155383038,1.4304455155383038
1762251094.767196,6.705253725944592,4.554468305821093,-0.05318779572436319,0.0,6.259830199826871,-1.4308812759167635,1.4308812759167635
1762251094.7920747,6.708162390112491,4.554985626925528,-0.0005055116129193729,0.0,6.257932920189146,-1.4326579973549598,1.4326579973549598
1762251094.8358655,6.708510896585155,4.558116612689698,-0.13557413896708193,0.0,6.258814692068572,-1.4356080577687151,1.4356080577687151
1762251094.8765671,6.7093768920563095,4.555962874141368,-0.24067925058351103,0.0,6.257416127798445,-1.434078965608693,1.434078965608693
1762251094.9101655,6.712091881340958,4.555295002751194,-0.2794782485032287,0.0,6.255230220848311,-1.4347123096189138,1.4347123096189138
1762251095.0014915,6.715146719232383,4.520254211635482,-0.5591070888418862,0.0,6.242241667943654,-1.4048789730056535,1.4048789730056535
1762251095.0587924,6.714290377904723,4.510467396243195,-0.6552374114484927,0.0,6.239255382742975,-1.3957765454969184,1.3957765454969184
1762251095.0891166,6.724749942938846,4.468993095566438,-1.0327596065073785,0.0,6.216439004735502,-1.3636887083105966,1.3636887083105966
1762251095.1151462,6.702571058433855,4.472716728119322,-1.1343100414955967,0.0,6.233722861152602,-1.3568371458620676,1.3568371458620676
1762251095.1753082,6.712518846454306,4.441436952942424,-1.449110985991135,0.0,6.2149615516645715,-1.3335942212454872,1.3335942212454872
1762251095.2369938,6.747992628561228,4.392257385889614,-1.8318498674718657,0.0,6.171033721033029,-1.3064606221978468,1.3064606221978468
1762251095.2673957,6.7939212327727185,4.343008899113742,-2.089684830518756,0.0,6.120978655266883,-1.2846935202674243,1.2846935202674243
1762251095.2874296,6.846262285216171,4.307632908992286,-2.3346470130616694,0.0,6.0699882489278,-1.2788081875061315,1.2788081875061315
1762251095.3104424,6.864348872699444,4.298226699228794,-2.45928026082633,0.0,6.053478690780517,-1.2793805122350022,1.2793805122350022
1762251095.336879,6.928652532831423,4.303172515589294,-2.5693036701922027,0.0,6.011972987108958,-1.3152787748457753,1.3152787748457753
1762251095.3607767,6.974248916235112,4.2481106185586635,-2.8190420296641463,0.0,5.958030568302955,-1.290364805321361,1.290364805321361
1762251095.3894963,6.994844330235449,4.233035993477044,-2.930828516594721,0.0,5.939435427461196,-1.287786730229186,1.287786730229186
1762251095.412638,6.994847550059065,4.19263094877652,-3.069161378837045,0.0,5.9227925645187,-1.2530168907533639,1.2530168907533639
1762251095.4350278,7.029146914433291,4.146223895449953,-3.286519134604679,0.0,5.879703017950766,-1.2308730161302432,1.2308730161302432
1762251095.453961,6.994639926957924,4.11377513079376,-3.411153132502663,0.0,5.890070324420916,-1.1852510960091887,1.1852510960091887
1762251095.4967172,6.950132406517593,4.0611840092178175,-3.2702646069090906,0.0,5.899089076125447,-1.1172399346349497,1.1172399346349497
1762251095.6787698,7.244862814872236,3.9225851294296152,-3.028990979555075,0.0,5.640124736327705,-1.1591356007981743,1.1591356007981743
1762251095.7335515,7.426997438977961,3.941815026737625,-2.6579986993263334,0.0,5.531542860270714,-1.2790716891837564,1.2790716891837564
1762251095.7642431,7.570757118918506,3.9109138235031877,-2.4546261173994,0.0,5.4285561068537485,-1.3391826931582416,1.3391826931582416
1762251095.791599,7.739998201205311,3.9064975825091124,-2.494256109978421,0.0,5.325877279577685,-1.4390425131230045,1.4390425131230045
1762251095.8190231,7.816493204096472,3.900960607151795,-2.241036635860604,0.0,5.2771361620806,-1.4825075046550666,1.4825075046550666
1762251095.8727007,7.9151613109482,3.9421714630118108,-2.0485023739542,0.0,5.241712486766172,-1.5768433080066426,1.5768433080066426
1762251095.8912833,8.011171569958881,3.975602929625075,-1.9102352307161377,0.0,5.20443932381708,-1.6639542136182004,1.6639542136182004
1762251095.9131334,8.051841549118269,3.9744060954064357,-1.824037668167415,0.0,5.180311529786562,-1.6892858037453784,1.6892858037453784
1762251095.9417655,8.12089602990548,3.9906680308849487,-1.6270882718321633,0.0,5.154497284553621,-1.746545928865865,1.746545928865865
1762251095.9679787,8.13212384747011,3.9909115671475504,-1.5412334773419307,0.0,5.149984101109248,-1.7540684570592242,1.7540684570592242
1762251096.0041614,8.163380825525824,3.9813509409215944,-1.38990045478125,0.0,5.1283676040899975,-1.7673679270736802,1.7673679270736802
1762251096.031251,8.25915596876868,3.965423374133569,-1.231583816558645,0.0,5.069522171892378,-1.8190316689631536,1.8190316689631536
1762251096.072597,8.315484878646606,3.968614216340183,-1.1361778110060916,0.0,5.041116328569842,-1.8592455344100078,1.8592455344100078
1762251096.1062756,8.365148368367441,3.971874001351216,-1.0519069449171408,0.0,5.024439478245077,-1.8952655653821022,1.8952655653821022
1762251096.1354675,8.427918941828771,3.9768392331498235,-0.8581527032952043,0.0,4.993137412346146,-1.9417137617657745,1.9417137617657745
1762251096.1622818,8.45990619565106,3.987502065604224,-0.7204162931070561,0.0,4.981006927111468,-1.9714136437499403,1.9714136437499403
1762251096.197761,8.460603261078276,3.9885732362925435,-0.6147241537683956,0.0,4.9811749718826555,-1.972670915599122,1.972670915599122
1762251096.2885177,8.447100747321072,3.986564906188382,0.002707423788764532,0.0,4.987588799377377,-1.9619425643838806,1.9619425643838806
1762251096.3405585,8.434818849052302,3.984693050600539,0.334814268989635,0.0,4.993386844664962,-1.9521620944369893,1.9521620944369893
1762251096.3874052,8.406386147203083,3.9770043866082285,0.4818091117892147,0.0,5.005043690853814,-1.927108480910865,1.927108480910865
1762251096.4461026,8.394963496817516,3.9622065338144776,0.6065547732366517,0.0,5.003702707608868,-1.9084981032866195,1.9084981032866195
1762251096.539779,8.362893679712464,3.9261018507281755,0.8248807835514853,0.0,5.0027360826291725,-1.8602231693888318,1.8602231693888318
1762251096.94637,7.865003259571223,3.778505352432822,1.5170382733682224,0.0,5.192870825727433,-1.419041796380566,1.419041796380566
1762251096.9701204,7.820739250486253,3.766515791791964,1.588212808944972,0.0,5.2130848245661765,-1.3813823605879674,1.3813823605879674
1762251097.0016825,7.779379593609862,3.749527427150584,1.7175985092668715,0.0,5.229236737622227,-1.3418557002301146,1.3418557002301146
1762251097.1264956,7.596209407410692,3.5529324389246697,1.822111466112623,0.0,5.241131374888216,-1.0736186767451597,1.0736186767451597
1762251097.297213,7.259386497959858,3.5712164798255257,2.260944865039746,0.0,5.464509489997504,-0.8807390264293113,0.8807390264293113
1762251097.5230339,6.567121765658187,3.6694006095644363,2.9306459256139297,0.0,6.012152880203993,-0.5856411184185415,0.5856411184185415
1762251097.695133,6.008463185207683,3.953136937275501,3.3304583098990914,0.0,6.576619811885966,-0.5896870716650472,0.5896870716650472
1762251097.9028444,5.253935415903218,4.186703516094469,3.0871587462894428,0.0,7.301318562667198,-0.5478527555834231,0.5478527555834231
1762251098.1839101,4.343316611619608,4.401272881720104,2.966671697422597,0.0,8.180269733572896,-0.5367605211468736,0.5367605211468736
1762251098.3348784,3.742496172080436,4.455528720259928,3.3061313488225696,0.0,8.755635841575597,-0.4904333475061668,0.4904333475061668
1762251098.379514,3.6000389319587227,4.451877710290525,3.3699609064088043,0.0,8.89139852444971,-0.46729971386174407,0.46729971386174407
1762251098.5597258,2.8571286219383256,4.442196509012407,3.548547938062743,0.0,9.609499493546213,-0.37723564808727744,0.37723564808727744
1762251098.592318,2.704929570605446,4.436280810487985,3.5717634369927915,0.0,9.75814089934334,-0.3587301117726699,0.3587301117726699
1762251098.6281712,2.55178668103293,4.434142956295351,3.5786800921999924,0.0,9.90873965899715,-0.3448491382649014,0.3448491382649014
1762251098.654089,2.4115530145973585,4.433434969540016,3.568856562616819,0.0,10.04716749168829,-0.33404769325876105,0.33404769325876105
1762251098.7462113,2.1672676479396684,4.434442512248022,3.537600674729468,0.0,10.28900533175146,-0.3187137280373077,0.3187137280373077
1762251098.9976976,1.2305990345755515,4.411263150812151,3.4852622844807364,0.0,11.219779015764535,-0.24196689482318787,0.24196689482318787
1762251099.1779578,0.6026848599387249,4.358257088484366,3.4696575929303,0.0,11.843202171659167,-0.15664054830547386,0.15664054830547386
1762251099.305996,0.05539275442887891,4.31851003559895,3.4787603258880213,0.0,12.387208167669346,-0.09213383213441384,0.09213383213441384
1762251099.3328366,-0.08376279806763261,4.30829758752129,3.4820401904158804,0.0,12.525639202497175,-0.07635107591567503,0.07635107591567503
1762251099.37545,-0.26443185373035294,4.304669931968894,3.472855044685547,0.0,12.705804056152655,-0.06600973709659423,0.06600973709659423
1762251099.4050353,-0.3916986669568749,4.303216168224933,3.465251806014954,0.0,12.832781670398765,-0.06021310384778657,0.06021310384778657
1762251099.4339137,-0.4899090192906985,4.302174912324512,3.463412672576019,0.0,12.930785352675965,-0.05605444853393647,0.05605444853393647
1762251099.463124,-0.6296983312807368,4.301473586692804,3.457737336345549,0.0,13.070323150972007,-0.05128752315524038,0.05128752315524038
1762251099.5050743,-0.720833955911915,4.29430441611041,3.4524638847448026,0.0,13.161136145524845,-0.041716733060746504,0.041716733060746504
1762251099.5378728,-0.8920735031801379,4.291671807599176,3.439713932321081,0.0,13.332102472590583,-0.035123753134752515,0.035123753134752515
1762251099.5645347,-1.0016837258348579,4.296018164137351,3.4373044597548423,0.0,13.441668603875875,-0.03733538363664646,0.03733538363664646
1762251099.5877583,-1.1882185042146718,4.298778583327048,3.432379732238018,0.0,13.62800876437661,-0.037265550687018464,0.037265550687018464
1762251099.6088593,-1.2288816716971405,4.294069149529085,3.4352326318839217,0.0,13.668564660720046,-0.032089997234179046,0.032089997234179046
1762251099.79474,-1.8717941154716502,4.3043321188070784,3.25215833642321,0.0,14.310198326172335,-0.04499999767017383,0.04499999767017383
1762251099.8261588,-2.042229066223039,4.3090485463739245,3.2092176519511932,0.0,14.479897601146957,-0.05430127093887608,0.05430127093887608
1762251099.8466716,-2.1586809553818807,4.315005706128851,3.148085023045303,0.0,14.595573237021133,-0.06450555284584734,0.06450555284584734
1762251099.8695114,-2.2665687324132566,4.320944694454825,3.0899915363944643,0.0,14.702536431416508,-0.07524058371532302,0.07524058371532302
1762251099.9995832,-2.7211983966918076,4.286086863457203,2.999169403735793,0.0,15.155713725247136,-0.07089697293626424,0.07089697293626424
1762251100.180086,-3.2907293283143666,4.128900876309379,3.2194075115278498,0.0,15.738238448036872,0.019278447545979172,0.019278447545979172
1762251100.248559,-3.40313690661029,4.071205722766514,3.1424512358075405,0.0,15.85876793319194,0.0589370500147775,0.0589370500147775
1762251100.2797134,-3.5420807431340737,4.015552108149008,3.1554539262860026,0.0,16.00654865275702,0.09008513415570174,0.09008513415570174
1762251100.30605,-3.676317010705939,3.973253003195816,3.1780352398974436,0.0,16.148189087962074,0.10628256627507786,0.10628256627507786
1762251100.3273964,-3.7674284434115037,3.8625644080711887,3.233203289045344,0.0,16.26249407844318,0.19587153393917003,0.19587153393917003
1762251100.3492699,-3.798358356108581,3.920710878938108,3.234476613653213,0.0,16.280641592335982,0.13244182621419956,0.13244182621419956
1762251100.366919,-3.8466792766962072,3.900649891107697,3.204043399116916,0.0,16.33320979533333,0.1414072603783322,0.1414072603783322
1762251100.3880248,-4.014901674611765,3.893007238201462,3.2039445247219436,0.0,16.50162356150975,0.1092808212251658,0.1092808212251658
1762251100.4106243,-4.024291305706439,3.904713102187331,3.205090662883169,0.0,16.50791819419022,0.09561369750322271,0.09561369750322271
1762251100.4268985,-4.045882647932555,3.8793756338155734,3.1808063783067495,0.0,16.53560715577114,0.11474203775088854,0.11474203775088854
1762251100.4626238,-4.158589659474619,3.839185142486502,3.229172137876042,0.0,16.65716857763683,0.12407428566195816,0.12407428566195816
1762251100.5059187,-4.239608613490845,3.8478063078622475,3.252212178790758,0.0,16.733988235856046,0.093384345230795,0.093384345230795
1762251100.546871,-4.425853521567706,3.8454307294547014,3.3449112455075958,0.0,16.914566504729443,0.040357114928361165,0.040357114928361165
1762251100.5704873,-4.48244428985918,3.840608818518916,3.3566450110685464,0.0,16.970106388241664,0.027047666325068574,0.027047666325068574
1762251100.5924187,-4.6227534985706935,3.8672138065627797,3.3505252213154346,0.0,17.093502417487514,-0.04450556865505346,0.04450556865505346
1762251100.6161702,-4.71044386188318,3.880413283913768,3.358559187567635,0.0,17.170176260181144,-0.0874065293849734,0.0874065293849734
1762251100.6566207,-4.731255188936202,3.8854335840843075,3.3446034170052994,0.0,17.18752841479962,-0.09951236933980165,0.09951236933980165
1762251100.767972,-5.331158338957232,3.9001028930620976,3.3588078317740933,0.0,17.705592364048595,-0.3566507132164042,0.3566507132164042
1762251100.8035092,-5.360090776477208,3.9199766505962788,3.356378031725035,0.0,17.72101584299667,-0.38753657738489095,0.38753657738489095
1762251100.8307745,-5.4951813600416575,3.928741794937459,3.3527017190842683,0.0,17.8258414949466,-0.45857455317628093,0.45857455317628093
1762251100.873695,-5.588138232170302,3.90782726977854,3.3355007124084124,0.0,17.906716593688497,-0.4857983115664989,0.4857983115664989
1762251100.939929,-5.76111922405876,3.719199175075546,3.3264565690049475,0.0,18.133661457723587,-0.41435095252418974,0.41435095252418974
1762251100.9674072,-5.880821639519355,3.6321125358853226,3.313610812318232,0.0,18.262511540085004,-0.4074556467435728,0.4074556467435728
1762251100.9892862,-5.972014644950927,3.6710028166371345,3.334033478321389,0.0,18.3036668178999,-0.49214988813402233,0.49214988813402233
1762251101.0093021,-6.1110920790883645,3.6762048128105214,3.371462449213016,0.0,18.39442028087064,-0.5806204602706688,0.5806204602706688
1762251101.0343273,-6.202644853677378,3.677141075718015,3.3945079579411086,0.0,18.473197906110368,-0.6376951975007363,0.6376951975007363
1762251101.0773907,-6.3412276641771825,3.606553308119522,3.394604400530924,0.0,18.63663966979276,-0.6630780805926644,0.6630780805926644
1762251101.1838028,-6.688444770215183,3.4156647959916238,3.347350766866819,0.0,18.899274798552803,-0.7516317622465913,0.7516317622465913
1762251101.2040167,-6.783674831171542,3.3582646308218456,3.405205771646484,0.0,18.978082769337103,-0.7833386839268426,0.7833386839268426
1762251101.2260897,-6.818315448663517,3.347003931078079,3.4359098651235676,0.0,19.003226399872794,-0.8020216883702623,0.8020216883702623
1762251101.4216685,-7.245361314189956,2.7074450566340498,3.4974592844398704,0.0,19.65971837378756,-0.7588897489210261,0.7588897489210261
1762251101.4436119,-7.294441538036442,2.624614930673285,3.514110024640054,0.0,19.741136788715245,-0.7563865172356516,0.7563865172356516
1762251101.6383483,-7.619205439614387,1.9351433879304452,3.539949862576928,0.0,20.37730787528079,-0.7353917581978359,0.7353917581978359
1762251101.7917318,-7.747203162818198,1.4181340685842478,3.5662575292172596,0.0,20.816920942577948,-0.6956097533612466,0.6956097533612466
1762251101.9842165,-7.680110335732272,0.6252082483376066,3.23993881463801,0.0,21.46848716448835,-0.5092026152708221,0.5092026152708221
1762251102.005685,-7.7066379023667775,0.5781024548146524,3.2399716893347863,0.0,21.50983518367864,-0.5337990307498264,0.5337990307498264
1762251102.026932,-7.737849509790089,0.4446063514591818,3.2097893099847896,0.0,21.623496347482742,-0.5629720942688915,0.5629720942688915
1762251102.065431,-7.751810183742738,0.3392670798751737,3.1612364554974826,0.0,21.711842824435298,-0.5788191577963816,0.5788191577963816
1762251102.2018487,-7.68455754490481,-0.16826623742727542,3.0986094375223643,0.0,22.140962170728177,-0.5648138980789704,0.5648138980789704
1762251102.2311301,-7.688838613128939,-0.22838764037994513,3.1746779269448755,0.0,22.19007805721049,-0.5800971752482651,0.5800971752482651
1762251102.2478552,-7.665284986858827,-0.3491123958844957,3.1841003136211805,0.0,22.292625571342107,-0.5823711115525467,0.5823711115525467
1762251102.2686641,-7.639674035820845,-0.43098936779827207,3.181923827690883,0.0,22.36374757218619,-0.5770489631621709,0.5770489631621709
1762251102.4023447,-7.489254250698012,-0.9045960860963539,3.3459243057826615,0.0,22.777407438338138,-0.5858729002090257,0.5858729002090257
1762251102.4336815,-7.473074938750946,-0.9808158219147658,3.373239518184018,0.0,22.8400390893975,-0.6013023438228516,0.6013023438228516
1762251102.6913488,-6.880003550949897,-1.7446403081387583,3.3114434493979363,0.0,23.63926926324738,-0.5090892023869532,0.5090892023869532
1762251102.8388932,-6.6313365000902005,-2.0915387558287173,3.0274849305314913,0.0,23.989692698430282,-0.5721999219466796,0.5721999219466796
1762251103.1844523,-5.507445326552858,-2.8498464196392366,3.2370250230569626,0.0,25.030052948910107,-0.7413476847248308,0.7413476847248308
1762251103.4982848,-4.317237465477542,-3.233537916735638,3.4137407678710603,0.0,25.950697486019184,-1.0627655296963248,1.0627655296963248
1762251103.7150629,-3.48624293570417,-3.051555357771946,3.412049723706712,0.0,26.631081203473318,-1.0352544884002661,1.0352544884002661
1762251103.9752545,-2.6088769740430338,-2.7905780028095886,2.696918924150489,0.0,27.411914083011226,-1.0729730363122305,1.0729730363122305
1762251104.010342,-2.543494344954172,-2.753657200705502,2.6357957357358046,0.0,27.477986380636,-1.0639678858887418,1.0639678858887418
1762251104.0341763,-2.490942946060139,-2.7245183124118957,2.5953937080314513,0.0,27.531350860245183,-1.0576376167812835,1.0576376167812835
1762251104.2085292,-2.0938998993726776,-2.4891577667580567,2.015602680488854,0.0,27.954271096344957,-1.0058841191176184,1.0058841191176184
1762251104.239307,-2.0567571451782074,-2.469223858182575,1.9230487296594239,0.0,27.99425197066527,-1.003644981710882,1.003644981710882
1762251104.2605655,-1.9930733312685756,-2.433624492239656,1.8172575662105683,0.0,28.063846627679368,-0.9987148650827283,0.9987148650827283
1762251104.2900894,-1.9511960491350686,-2.4068439137761897,1.7565598802949909,0.0,28.11135456418455,-0.9925483890830233,0.9925483890830233
1762251104.4187386,-1.7877347069043314,-2.2923550286073886,1.2289686347005802,0.0,28.303871195731674,-0.9601842637282798,0.9601842637282798
1762251104.4372292,-1.7801840700087255,-2.2833863135891224,1.1611261611882322,0.0,28.314462801261175,-0.9553930770470606,0.9553930770470606
1762251104.6830375,-1.5461444910569258,-2.1359791877317007,1.1859112328530113,0.0,28.591078482298425,-0.9244366703130034,0.9244366703130034
1762251104.8470128,-1.3714831944973305,-2.0336602557775927,1.557673233845391,0.0,28.799244025559243,-0.9072748610400888,0.9072748610400888
1762251105.0137622,-1.1356504155077387,-1.8643153617309554,1.3850834272788648,0.0,29.10000405271915,-0.8525264567850226,0.8525264567850226
1762251105.2317076,-0.8000265104096778,-1.6323020604951983,1.6636044868221316,0.0,29.53410654805736,-0.7711221161249883,0.7711221161249883
1762251105.511511,-0.2792537987990377,-1.2685623934777248,1.8599084895845635,0.0,30.216426641782746,-0.5971031818926247,0.5971031818926247
1762251105.6860018,0.10943239371928076,-1.1567397960625885,1.5262685157670735,0.0,30.685810107535193,-0.5740641757260438,0.5740641757260438
1762251105.959605,0.7055266082076828,-0.8555108812549276,1.8849313004779575,0.0,31.39636025894342,-0.30588600328783494,0.30588600328783494
1762251106.1670413,1.2717118737554527,-0.8230825678791391,2.393368039306044,0.0,31.99501340761177,-0.18908573832513778,0.18908573832513778
1762251106.4355671,1.881476139238213,-0.9326427543489849,2.4930645604569386,0.0,32.62973172533996,-0.11606050930043472,0.11606050930043472
1762251106.6021597,2.3365767963776665,-1.0871319887573514,2.9277534319628216,0.0,33.116203179759204,-0.08672201866301756,0.08672201866301756
1762251106.9434779,3.5086418081563417,-1.5482301445992939,3.5448634631447957,0.0,34.37438731502109,0.024019143137541693,0.024019143137541693
1762251107.2671516,4.629579041329074,-2.112357178938936,3.088315433449707,0.0,35.62959902447004,-0.014132970344887507,0.014132970344887507
1762251107.4307148,5.254917237555343,-2.321556868944992,2.654853138640045,0.0,36.285730441333236,-0.03469597928658135,0.03469597928658135
1762251107.517196,5.588387050969172,-2.3546056505031996,2.7598920443653028,0.0,36.617972347106075,-0.009812763239544395,0.009812763239544395
1762251107.7596138,6.250787800386905,-2.299452578766354,3.0971784216938936,0.0,37.286903151183836,0.051597925966676415,0.051597925966676415
1762251108.2944298,8.108582664820814,-1.5706930729206081,3.449401853387388,0.0,0.700241618043474,-0.39483182718833104,0.39483182718833104
1762251108.464824,8.408600659567407,-1.00624586281239,3.445215717820888,0.0,1.252117684290444,-0.4277493279505461,0.4277493279505461
1762251108.5906959,8.588779669659754,-0.71469235170766,3.062598262243008,0.0,1.5356161958459262,-0.5194488226399152,0.5194488226399152
1762251108.719271,8.710998134389882,-0.38324340871527995,2.5313645417840243,0.0,1.8293187781246931,-0.5792149629321655,0.5792149629321655
1762251108.8596818,8.589054406693066,-0.11143239218110883,3.152186428375467,0.0,2.0509689499407737,-0.4312632730363326,0.4312632730363326
1762251109.0444932,8.632569080032454,0.44399218977704885,2.486551575095987,0.0,2.5367167766723178,-0.48344646172077654,0.48344646172077654
1762251109.0966444,8.617104167547014,0.4700773163117863,2.6452099821348423,0.0,2.5604150789371682,-0.4705168778690867,0.4705168778690867
1762251109.1405187,8.642889476413517,0.5947611379534296,2.6315562952081137,0.0,2.665627205338066,-0.5103690432292961,0.5103690432292961
1762251109.2033145,8.64364034153854,0.6919304181253922,2.6996674116074444,0.0,2.7486348882479144,-0.524954419764081,0.524954419764081
1762251109.2503345,8.606026457680612,0.8037318897564176,2.814694306714139,0.0,2.8496092715513375,-0.506867222827761,0.506867222827761
1762251109.293398,8.594268945130827,0.8787428213726979,2.9042031877549386,0.0,2.9157223094970055,-0.5099095940159749,0.5099095940159749
1762251109.3180702,8.532776725372381,1.0642215340603547,3.0975463294323733,0.0,3.085149286849811,-0.4924051949429969,0.4924051949429969
1762251109.3396373,8.5119584147276,1.1037364104514518,3.1501648031946363,0.0,3.1233568041383966,-0.48249111097175096,0.48249111097175096
1762251109.3772595,8.49787530181648,1.1655895266385177,3.2567145421203043,0.0,3.17871765265867,-0.485719189497524,0.485719189497524
1762251109.407355,8.435984336189849,1.2788702675302561,3.390679303943194,0.0,3.289922008492377,-0.4599536861538313,0.4599536861538313
1762251109.5373669,8.297456131925072,1.6550246851508215,3.589847802002768,0.0,3.6437678290271642,-0.46540768170264873,0.46540768170264873
1762251109.6338053,8.043348222535364,2.004861351229344,3.672492660717057,0.0,4.0233346974477415,-0.3983069976112411,0.3983069976112411
1762251110.033713,7.067473518752916,3.308201910336747,3.4399652931160287,0.0,5.463063649761995,-0.5551572678480093,0.5551572678480093
1762251110.3414083,5.983115154324556,4.009717645566014,3.526723681845041,0.0,6.618024425935506,-0.6315631451717466,0.6315631451717466
1762251110.5065236,5.367218800033773,4.17887076672512,3.5318595796936454,0.0,7.199047366994698,-0.5744671976233594,0.5744671976233594
1762251110.931377,3.9257746453291786,4.595162696561841,3.4849400803119432,0.0,8.602089776886766,-0.6556667632714344,0.6556667632714344
1762251111.068122,3.421378873093994,4.65987385332976,3.4742408077092417,0.0,9.087045143599395,-0.6513036253607054,0.6513036253607054
1762251111.268823,2.730335480137918,4.7557143172602725,3.468604392571293,0.0,9.75822424114345,-0.6791723345163397,0.6791723345163397
1762251111.4691973,1.992293623871034,4.837668485453048,3.4349993801687932,0.0,10.486672602164829,-0.7103200655217093,0.7103200655217093
1762251111.9940598,0.8960536879240153,5.298615987365277,3.3222796668534147,0.0,11.598753448914467,-1.1105111289114187,1.1105111289114187
1762251112.16395,0.767982852688948,5.717627792358033,3.275686538249136,0.0,11.746040706194437,-1.5225128054749195,1.5225128054749195
1762251112.4635792,0.5342854009125957,4.8828154534187895,1.7231139229879293,0.0,11.936408122625732,-0.6772826357225337,0.6772826357225337
1762251112.6475832,0.5297775251379567,4.93326509994015,0.6959787160481261,0.0,11.943260123740078,-0.7274597003139398,0.7274597003139398
1762251112.8680382,0.5342081314352154,4.927130143945197,-0.025046412752554384,0.0,11.938582884151478,-0.7215430943806007,0.7215430943806007
1762251113.1188326,0.30777721338469466,4.9716111898795035,-0.008388032639198803,0.0,12.164617971256119,-0.7554965852965939,0.7554965852965939
1762251113.4231598,0.23008633582568214,4.9765338435870925,-0.006470322428648986,0.0,12.241587508993796,-0.7569821143122164,0.7569821143122164
1762251113.645132,0.22458825729536216,4.981296206756468,-0.0061897539197963486,0.0,12.247222563853684,-0.7615004539475263,0.7615004539475263
1762251113.970286,0.21471753737989419,4.98301043377301,-0.06252653515112058,0.0,12.25704366564195,-0.7627842480321289,0.7627842480321289
1762251114.3386238,-0.20108376588459134,5.144182875049287,-2.890487183303814,0.0,12.672831187990944,-0.9072509579733804,0.9072509579733804
1762251114.4670215,-0.09004503951483739,4.896919363849064,-2.0912998497298685,0.0,12.554442820837268,-0.6642916480579286,0.6642916480579286
1762251114.8699737,0.9022706453724134,4.840878518010656,-0.8681882445088914,0.0,11.569262084765404,-0.6536964846854484,0.6536964846854484
1762251115.202395,1.2710641330235601,4.8239054022698555,9.744379946365497e-05,0.0,11.201534901935622,-0.6561856164857633,0.6561856164857633
1762251115.388564,1.2791390791360104,4.8318727376078625,8.367835241523962e-05,0.0,11.193916067357991,-0.6645749574215086,0.6645749574215086
1762251115.937523,1.2502914600423887,4.843110245837643,0.9661420373823837,0.0,11.223255952836976,-0.6742487178935154,0.6742487178935154
1762251116.158464,1.0612959582053723,4.929281725299064,1.403381903058716,0.0,11.415841757106968,-0.7502565612019283,0.7502565612019283
1762251116.381242,0.8466765911778296,4.945637954587601,1.5021704104511657,0.0,11.62978440540466,-0.7554716138418108,0.7554716138418108
1762251116.634432,0.5740534277681955,4.841642893054392,0.9135241178658555,0.0,11.89503087468675,-0.6380666308838367,0.6380666308838367
1762251116.9496424,-0.23933195605621566,4.638194069787246,0.7433226908113766,0.0,12.692640976936199,-0.40021547792236994,0.40021547792236994
1762251117.1398716,-0.426459978898981,4.646392051387532,0.8799918207637657,0.0,12.878387923786157,-0.4020863659608274,0.4020863659608274
1762251117.2956235,-0.6025317913503841,4.626964423883234,1.3107311070236167,0.0,13.052267857090596,-0.3774056278263669,0.3774056278263669
1762251117.490489,-0.900887087236902,4.587298780784828,1.85002961929983,0.0,13.34697430820332,-0.33050431037047545,0.33050431037047545
1762251117.7714458,-1.5944565559824329,4.498727138728746,2.3940522691180437,0.0,14.032458196085782,-0.23567705847382028,0.23567705847382028
1762251118.0411549,-2.4074104652899484,4.346870562460642,2.726059614427402,0.0,14.840777958666294,-0.10871426979988055,0.10871426979988055
1762251118.26513,-3.0517289102557466,4.064458421182207,2.3857589356822624,0.0,15.508342443253092,0.1152505569548652,0.1152505569548652
1762251118.4593492,-3.487042492156535,3.816188599275712,2.614846608021255,0.0,15.987511119034222,0.2960713141955908,0.2960713141955908
1762251118.6452997,-3.9861039554683213,3.6563142057306486,2.7240768056903426,0.0,16.533944434562972,0.3456691623311115,0.3456691623311115
1762251118.8833528,-4.771262856216642,3.588817955053585,2.958797265556341,0.0,17.335638907340023,0.16111823353853227,0.16111823353853227
1762251119.0750263,-5.444187020382535,3.401204255970222,3.001783058740741,0.0,18.035311388699366,0.023116355153356118,0.023116355153356118
1762251119.2402446,-5.828089689090017,3.2344474637252456,2.9043443165753215,0.0,18.444158149748763,-0.05835401646532415,0.05835401646532415
1762251119.5564044,-6.768106457259093,2.4233743095025577,3.012570684567146,0.0,19.642101518128403,-0.2038440414885951,0.2038440414885951
1762251119.7471673,-6.959865186073516,1.9821931657198542,2.691452528062824,0.0,20.099913319654153,-0.15210826342984476,0.15210826342984476
1762251120.0785837,-7.191829436099819,1.0641623581653856,1.7589189342979588,0.0,21.01639198917493,-0.07568882784364414,0.07568882784364414
1762251120.243913,-7.211919113223671,0.6966584413243511,1.2487369193355464,0.0,21.376514780827957,-0.04630424678769987,0.04630424678769987
1762251120.3646863,-7.20630618180142,0.4848686620773384,1.406812958514088,0.0,21.585255048816247,-0.03153826339951078,0.03153826339951078
1762251120.667621,-7.150968510241459,-0.05903126108040919,2.07627696778853,0.0,22.127871721776827,-0.020359697020322965,0.020359697020322965
1762251121.0432124,-6.882816296722083,-0.9970694980189926,1.6698386342048717,0.0,23.089197584724506,-0.08048304771348973,0.08048304771348973
1762251121.278841,-6.573704842320048,-1.3442065693165592,2.016610617267745,0.0,23.542135749847642,-0.016315915219321273,0.016315915219321273
1762251121.5478346,-5.96566909479636,-1.8186254945399927,2.818971016025735,0.0,24.31971048610475,0.04791065967770895,0.04791065967770895
1762251121.746001,-5.2955572052611215,-2.06499432660251,3.086632068656577,0.0,25.058215325749195,0.07088531065183577,0.07088531065183577
1762251122.1607296,-3.7341463234239116,-2.347577503382535,3.3463374713093526,0.0,26.577538141253253,-0.2914268043803453,0.2914268043803453
1762251122.4024012,-2.8481397685626497,-2.1421447733603496,3.4694023478490568,0.0,27.435899110724677,-0.3822996001816534,0.3822996001816534
1762251122.7974708,-1.595885308159638,-1.5361419859257794,3.4788026927194142,0.0,28.80889725618976,-0.36157094299949943,0.36157094299949943
1762251123.097225,-0.5615323831294404,-1.0760863613942855,3.2722946295252378,0.0,29.98346132301753,-0.330223577272429,0.330223577272429
1762251123.3147335,0.30586948376168144,-0.7751509300841823,2.8363565046691606,0.0,30.95972405799895,-0.21975893176255953,0.21975893176255953
1762251123.504278,0.8748155043299165,-0.7411078779935869,2.8979577582949463,0.0,31.568402466189394,-0.17721325278314745,0.17721325278314745
1762251124.0394044,2.7384939033647133,-1.481162179942666,3.5567836798494743,0.0,33.655761312668865,-0.27038540817922585,0.27038540817922585
1762251124.315288,3.795329208486442,-1.8017902932384942,3.335756982530187,0.0,34.74488477511677,-0.0698117950696067,0.0698117950696067
1762251124.482302,4.378399075009123,-1.8961272817649428,2.8504175548508313,0.0,35.31400694153798,0.09274600593057672,0.09274600593057672
1762251124.7969987,5.489661857840178,-2.0298959610832212,2.5355440559462785,0.0,36.466229771889004,0.29694809192939847,0.29694809192939847
1762251125.0282578,6.0666724916688155,-2.042781290610594,2.4498260078240652,0.0,37.11161472526899,0.3228304427254131,0.3228304427254131
1762251125.2269962,6.660959895771813,-1.9005078101673547,2.465704300554226,0.0,37.83233396907635,0.3443418419902202,0.3443418419902202
1762251125.3403242,7.026517768952485,-1.686997143504757,2.6583402504381466,0.0,38.35324707645844,0.3567106160791229,0.3567106160791229
1762251125.7228675,7.719599719095473,-0.9759524986769833,2.8918626415879065,0.0,1.0376124687132469,0.22547482000130026,0.22547482000130026
1762251125.7844105,7.814181935572219,-0.819824948001532,2.7357865735552616,0.0,1.2324935107910457,0.19487865639157406,0.19487865639157406
1762251125.8371358,7.884834377143426,-0.6916806316405391,2.6012647146279244,0.0,1.3861905318596706,0.1670811029137022,0.1670811029137022
1762251125.8580823,7.941502081293269,-0.5810177971181403,2.5800945425879154,0.0,1.5146781100764592,0.14112283597741546,0.14112283597741546
1762251125.9467144,8.042152427101733,-0.33497138755837325,2.721267068331868,0.0,1.7862834794419207,0.08978629309169198,0.08978629309169198
1762251126.1763952,8.214009792029383,0.358770579419578,3.1146962371330877,0.0,2.4906093559903923,-0.05920405233730394,0.05920405233730394
1762251126.3874633,8.146762069081069,1.1506923797676967,3.4283907626135055,0.0,3.259078490345245,-0.14538523944209755,0.14538523944209755
1762251126.5226533,8.005567260217852,1.638930965850324,3.3843628671113586,0.0,3.7418119556609803,-0.19352943085136828,0.19352943085136828
1762251126.7312331,7.7201642185010275,2.2388348763921293,3.1192305793599076,0.0,4.3636714503858505,-0.25501418926665415,0.25501418926665415
1762251126.9933214,7.150002903669029,2.825344873153027,2.8721016577911325,0.0,5.128150644231244,-0.23007246821734234,0.23007246821734234
1762251127.2047982,6.5222437713616195,3.218672102585501,2.9648860869540234,0.0,5.834447909998056,-0.17513067677350141,0.17513067677350141
1762251127.3684099,5.897236670563792,3.4730650866088375,2.5192278372267687,0.0,6.488141129671939,-0.10591433291052273,0.10591433291052273
1762251127.537808,5.3604252770811,3.6156774757062697,2.833098943871876,0.0,7.033092527807474,-0.0385531873380432,0.0385531873380432
1762251127.7607045,4.527720882210834,3.720957018681712,3.143301422520915,0.0,7.865437160672316,0.09027942041073363,0.09027942041073363
1762251128.0164232,3.8730845667191516,3.995593898105019,3.393223626175642,0.0,8.561890051526209,-0.055211340645549604,0.055211340645549604
1762251128.1779444,3.2732327122802594,4.233422739846207,3.450036058939002,0.0,9.182304461143282,-0.2106150742852627,0.2106150742852627
1762251128.373974,2.6747682508307125,4.348868397784123,3.587828235285606,0.0,9.781006468575395,-0.26920597119292294,0.26920597119292294
1762251128.587845,1.8992995715005527,4.2778953480861075,3.5349249245767433,0.0,10.545699492161514,-0.14599756589992077,0.14599756589992077
1762251128.891952,0.7749880706378125,4.300459744485588,3.2245391831433223,0.0,11.668471970060368,-0.107485622971129,0.107485622971129
1762251129.0854902,0.06174226616836648,4.3226183653304675,3.112312769718227,0.0,12.381043594331016,-0.0965010789426075,0.0965010789426075
1762251129.3772807,-1.116198296574049,4.370978393884268,3.20870771286991,0.0,13.55713145755189,-0.11042236816054922,0.11042236816054922
1762251129.563893,-1.846718048223617,4.383138853010769,3.2753041497324666,0.0,14.283635498754354,-0.1232715167210854,0.1232715167210854
1762251129.8061047,-2.6798589631766987,4.39886066012223,3.436394245322591,0.0,15.105586736342365,-0.1797820119360662,0.1797820119360662
1762251130.0210814,-3.582741584606502,4.1325456847735,3.528881442176452,0.0,16.025445095309436,-0.03233377496608551,0.03233377496608551
1762251130.0450528,-3.6492403091769265,4.110665573106456,3.534326548226891,0.0,16.094606453820237,-0.02324107754841914,0.02324107754841914
1762251130.064813,-3.723785281126395,4.083403420569227,3.529093568664005,0.0,16.172869933409448,-0.011127128882744322,0.011127128882744322
1762251130.2062795,-4.30809059512897,3.934097919606951,3.562912533907998,0.0,16.775243359117262,-0.00887808862004338,0.00887808862004338
1762251130.2336514,-4.431335963253894,3.8890699036972367,3.5568363305563637,0.0,16.906189318470652,-0.0028251781191342635,0.0028251781191342635
1762251130.2603436,-4.5155079050372855,3.871149811243526,3.554235415007729,0.0,16.991584572243834,-0.012522701210192465,0.012522701210192465
1762251130.2998157,-4.571681589343868,3.860542565591625,3.5496774868789545,0.0,17.04795208836309,-0.02098431329400538,0.02098431329400538
1762251130.3191721,-4.738292799858985,3.7990373324385533,3.5457820993456104,0.0,17.224862216835607,-0.021486752460482147,0.021486752460482147
1762251130.5302508,-5.452919299786399,3.560461212261865,3.547356898650622,0.0,17.96114122371482,-0.11767724922689345,0.11767724922689345
1762251130.7391346,-6.200925784064203,2.9850848250474398,3.522361495594909,0.0,18.878141266866585,-0.10170435088600839,0.10170435088600839
1762251131.0448868,-6.836065268649446,2.124758284054105,3.5271199690547665,0.0,19.922332949599895,-0.10836298117526033,0.10836298117526033
1762251131.2138758,-7.105594750355758,1.4342924479337347,3.5394988767109363,0.0,20.645151029974077,-0.08287468717701743,0.08287468717701743
1762251131.4110353,-7.286701685999219,0.6562756528189039,3.5436773154675456,0.0,21.42084546767005,-0.11808520391148461,0.11808520391148461
1762251131.4323547,-7.301125048238096,0.5383012863432177,3.5451008041036634,0.0,21.534791857308193,-0.1272776740619871,0.1272776740619871
1762251131.6785784,-7.275120008258994,-0.49352517603259105,3.524163790652462,0.0,22.504190265574398,-0.24350324720218663,0.24350324720218663
1762251131.930137,-6.772442630968178,-1.4170814727802186,3.47009841941414,0.0,23.47950773192998,-0.21745857797618465,0.21745857797618465
1762251132.10606,-6.317089978029234,-1.7714896261051458,3.4839790818417913,0.0,24.014316514263765,-0.12463681225579377,0.12463681225579377
1762251132.3187945,-5.490939673893001,-2.1185090142795575,3.521686373205995,0.0,24.880936546496688,-0.030088971708503345,0.030088971708503345
1762251132.543011,-4.555263117837108,-2.320450753523345,3.21926402558375,0.0,25.810004653050836,-0.13360299801802575,0.13360299801802575
1762251133.0244143,-2.966452610500136,-2.257557712965837,2.3866974133261096,0.0,27.290721863526368,-0.44504158364147606,0.44504158364147606
1762251133.256587,-2.4638653158607613,-1.9882651451031523,2.305380979856372,0.0,27.834860673677024,-0.3957605166864018,0.3957605166864018
1762251133.4315047,-2.1518267211436655,-1.8030014076690863,1.9421326716489482,0.0,28.189628012967457,-0.36128793830096856,0.36128793830096856
1762251133.6718652,-1.7082591784258983,-1.5520034196567543,1.8775139016439946,0.0,28.69905596205197,-0.3277336126315793,0.3277336126315793
1762251133.8930738,-1.2432557037253174,-1.3119512616275182,1.7780859680233134,0.0,29.23207838565207,-0.30403791222529786,0.30403791222529786
1762251134.0457795,-0.9701486630276797,-1.2077388708157828,1.5123451083456025,0.0,29.53399346467478,-0.3137432293137675,0.3137432293137675
1762251134.292523,-0.6590496875780667,-1.116116540976816,1.3080928112267733,0.0,29.872855390512477,-0.3369291852392339,0.3369291852392339
1762251134.4925172,-0.40757103827040897,-1.0207620360005867,1.2672322829731908,0.0,30.15673173955636,-0.32338697831643554,0.32338697831643554
1762251134.6189907,-0.2329857425571284,-0.9773575635773042,1.2384048518925452,0.0,30.34965387288724,-0.327793492764619,0.327793492764619
1762251134.8785164,0.20429425899404308,-0.7635587013210661,1.5189420391732404,0.0,30.853107599608663,-0.19799555913640712,0.19799555913640712
1762251135.0434551,0.5614284259125795,-0.6577146570307425,1.3888984360532448,0.0,31.234678259671615,-0.11270880663437999,0.11270880663437999
1762251135.060094,0.5705437979807727,-0.6519395689023281,1.375379300961066,0.0,31.244104984083666,-0.10687744838267416,0.10687744838267416
1762251135.0811067,0.6165894969499213,-0.6451283611541814,1.4284059569398737,0.0,31.291693303170444,-0.09933845724969023,0.09933845724969023
1762251135.1214383,0.6775276462141567,-0.6571427482456706,1.3866372499317603,0.0,31.355237358842942,-0.10923990311774805,0.10923990311774805
1762251135.150084,0.6930549570555675,-0.6638702378491973,1.378728862343129,0.0,31.371684363261316,-0.1152150045285744,0.1152150045285744
1762251135.180259,0.7274715576161699,-0.6647801429212343,1.3749636524492854,0.0,31.40745134735324,-0.11417464347565372,0.11417464347565372
1762251135.2007356,0.766751009007546,-0.6693404839570869,1.4886387609506686,0.0,31.448492133518375,-0.11600579384138918,0.11600579384138918
1762251135.2237349,0.7910711464867438,-0.6730461707882957,1.5007480539245515,0.0,31.47398575011981,-0.11775545060432284,0.11775545060432284
1762251135.2435389,0.8158809598690042,-0.6824633510069694,1.5009339326711948,0.0,31.50055155105978,-0.12494701533862634,0.12494701533862634
1762251135.2806952,0.8281345744178392,-0.6825925816111246,1.5287458039283792,0.0,31.513259496686164,-0.12391869227113692,0.12391869227113692
1762251135.3154206,0.876914206418764,-0.6860256603703492,1.5972554414482714,0.0,31.564074830504648,-0.12224569458899225,0.12224569458899225
1762251135.3589385,0.9291617322530686,-0.6893466469441453,1.6328129343912736,0.0,31.618322686170384,-0.11925674922375148,0.11925674922375148
1762251135.5366423,1.3578763803660399,-0.756584354761885,2.242357708716023,0.0,32.0654311080982,-0.10412249684954926,0.10412249684954926
1762251135.6976917,1.831973089647721,-0.9433950679029081,2.632639737033353,0.0,32.585991867730314,-0.143136435886297,0.143136435886297
1762251135.76696,1.978926226258525,-0.9556084598944047,2.673757518180254,0.0,32.73071561440831,-0.10307942852213561,0.10307942852213561
1762251135.802188,2.138103294861326,-1.012767099069816,2.8339260559027633,0.0,32.90213641181013,-0.09687844877062528,0.09687844877062528
1762251135.8300865,2.2242154970059147,-1.041477015573855,2.8981031047037304,0.0,32.99372029287841,-0.0898738463723492,0.0898738463723492
1762251136.0152106,2.824095008298337,-1.2704966686828907,3.3796766244389698,0.0,33.638222933075795,-0.043657493543633685,0.043657493543633685
1762251136.21592,3.497274018813756,-1.5672003523328761,3.1349577989184563,0.0,34.37314293540553,0.0019386616591483032,0.0019386616591483032
1762251136.497155,4.5142174535246316,-2.068871412784403,3.1977880907082885,0.0,35.506614915239865,-0.014984080414618978,0.014984080414618978
1762251136.6442895,5.064826304879814,-2.2226951950370557,3.3293851314690324,0.0,36.077893581776166,0.015415405972496198,0.015415405972496198
1762251136.878179,5.981056027010601,-2.2641089392029503,3.409622825398611,0.0,37.01144195826198,0.1040447268967744,0.1040447268967744
1762251137.2246108,7.187664162474004,-1.722781520497949,3.5367901561524264,0.0,0.015486783187313696,0.22697867787141213,0.22697867787141213
1762251137.356987,7.591785806538813,-1.3671594606221786,3.4552602803682873,0.0,0.6018997253804239,0.1512076651029699,0.1512076651029699
1762251137.5979888,8.047264592295504,-0.7060999786681397,3.1758080304183385,0.0,1.418162809149967,0.006983429028526266,0.006983429028526266
1762251138.0244615,8.455070106435711,0.7071022187100225,2.723290004351714,0.0,2.7888996160831803,-0.34127372435251324,0.34127372435251324
1762251138.2931485,8.33715481441427,1.6112704391099204,3.2965849273670838,0.0,3.5944211366768553,-0.4843558467355515,0.4843558467355515
1762251138.4839334,7.95439323683041,2.0240692470893187,2.963812556026388,0.0,4.0792825495578295,-0.3316432291058983,0.3316432291058983
1762251138.7915132,7.280433069922282,2.8132217731136926,2.15396811103451,0.0,5.03008862606355,-0.30814169538597225,0.30814169538597225
1762251139.230343,6.386065949702497,3.398137032729922,2.782812737405115,0.0,6.034059361432885,-0.2603726672265846,0.2603726672265846
1762251139.4442751,5.770417043017471,3.6708594937688668,2.3894669051712474,0.0,6.677763767609962,-0.2366589687053716,0.2366589687053716
1762251139.6646004,5.093968893359117,3.8254835151595232,1.8506718975736192,0.0,7.347033549071764,-0.15571440565848832,0.15571440565848832
1762251140.028051,4.4588924118937205,3.944349727212436,1.7187771905500664,0.0,7.981351115515784,-0.112639710454172,0.112639710454172
1762251140.270438,3.9358736059604187,4.050566707810607,2.2481019286323063,0.0,8.509083556803827,-0.11950782883754825,0.11950782883754825
1762251140.3621447,3.7290257267032465,4.061830952245351,2.5572170692614753,0.0,8.71336701262292,-0.0988846432345072,0.0988846432345072
1762251140.4571662,3.4513285019335997,4.091398243741199,2.842442385403399,0.0,8.99057527411091,-0.09069700099266946,0.09069700099266946
1762251140.6354225,3.0176769444985023,4.0430931953091305,3.286475038869395,0.0,9.414991162548883,0.005440504912752973,0.005440504912752973
1762251140.957721,1.8945316515666528,3.9479859224702665,3.482380524473145,0.0,10.530900464768786,0.18361446101300313,0.18361446101300313
1762251141.174786,1.195099357295177,3.9662438236938984,3.498970021199265,0.0,11.231380747005925,0.20431531546793238,0.20431531546793238
1762251141.5401647,-0.31813653875601633,4.212655491517541,3.600362669783383,0.0,12.756243608018524,0.027823917961344598,0.027823917961344598
1762251141.8518527,-1.615949615906823,4.252419044938833,3.1964255492466767,0.0,14.05536633271438,0.010490934389388347,0.010490934389388347
1762251142.17308,-2.628073650626533,4.164839433194936,2.3459810764178988,0.0,15.07301016134276,0.057651606757086436,0.057651606757086436
1762251142.4109757,-3.3091434597209175,4.120598700229167,2.710833740035685,0.0,15.757730857093922,0.024756307915975308,0.024756307915975308
1762251142.6819685,-4.226446432153545,4.015439332097702,2.6063490764209276,0.0,16.674619635211545,-0.06399085332801929,0.06399085332801929
1762251143.0432994,-5.008221105591698,3.7255931435955225,1.572158986693488,0.0,17.49988208303194,-0.05897456480035973,0.05897456480035973
1762251143.3154335,-5.405014767135757,3.4975536150067645,1.2102023410574385,0.0,17.95216671643263,-0.039136750622927,0.039136750622927
1762251143.4815075,-5.515257748201422,3.407414943018333,1.2130611622922198,0.0,18.092489440907013,-0.019581624893102806,0.019581624893102806
1762251143.7606335,-5.8061330660569155,3.1548093076659764,1.3138727892035678,0.0,18.47564883420796,0.018083437141576224,0.018083437141576224
1762251144.119726,-6.2372900978850465,2.506534550761746,1.6808779383564743,0.0,19.267374909810723,0.18071132744903756,0.18071132744903756
1762251144.3062656,-6.4431837941847325,2.179636168820933,1.384579197476226,0.0,19.671441474648315,0.201278312268424,0.201278312268424
1762251144.4734266,-6.549812057976793,1.9599586786333407,1.4568151043023785,0.0,19.92848802901756,0.22188397353578287,0.22188397353578287
1762251144.6725004,-6.696171505923864,1.6519210027767524,1.887547891021131,0.0,20.291486681704427,0.2257700120772225,0.2257700120772225
1762251144.815399,-6.862691789412888,1.3933592599039164,2.01518436950301,0.0,20.60991868496488,0.1609816849978691,0.1609816849978691
1762251145.0217347,-6.983016464626614,0.8830672250935354,2.1756253538621495,0.0,21.161900063904824,0.16057515122328472,0.16057515122328472
1762251145.2116473,-7.011747373879539,0.46886182330671283,1.703235999973978,0.0,21.60027992986804,0.16312415453694049,0.16312415453694049
1762251145.24349,-7.012473618949067,0.41427520065163365,1.6826462992247606,0.0,21.657952586520295,0.16211201724771407,0.16211201724771407
1762251145.3650799,-7.005458649496715,0.11644684547246113,1.295496205711969,0.0,21.97201266732407,0.14917579377466772,0.14917579377466772
1762251145.4067905,-6.998839861905764,0.07636279531073496,1.2501367241054389,0.0,22.014769971941664,0.1506739772526469,0.1506739772526469
1762251145.6012573,-6.963226460521957,-0.22031909103223046,1.3149788617878984,0.0,22.32805287676398,0.13039751881258874,0.13039751881258874
1762251145.620744,-6.951318333222,-0.2603548974199611,1.3293192109281873,0.0,22.371773420806143,0.1320921632690649,0.1320921632690649
1762251145.7841878,-6.8880633602223424,-0.5244206190302318,1.7841332395207314,0.0,22.65479077672262,0.11305885214351045,0.11305885214351045
1762251145.82434,-6.863159608574443,-0.5691040911919542,1.8212016199113512,0.0,22.707549804326334,0.1204436607597688,0.1204436607597688
1762251145.8649542,-6.8146988136714235,-0.6801951034381389,1.9887040967387064,0.0,22.834164334604683,0.12242604212573224,0.12242604212573224
1762251146.0018017,-6.64301963130792,-0.9980036650781465,2.3526788426617053,0.0,23.211948181142816,0.12609300151448583,0.12609300151448583
1762251146.0280085,-6.60790803540328,-1.0549777013961894,2.333440423460751,0.0,23.281923407812233,0.125509307131157,0.125509307131157
1762251146.056122,-6.588160136504157,-1.1164239924281152,2.2827063063248594,0.0,23.34688693985928,0.10802128016582452,0.10802128016582452
1762251146.0780609,-6.5320428264210895,-1.2010706940410347,2.1363778877764856,0.0,23.453091457834017,0.10459698190568921,0.10459698190568921
1762251146.174704,-6.357491490845171,-1.3878128553497036,2.0091301703289637,0.0,23.719080369401,0.11814213812648419,0.11814213812648419
1762251146.204293,-6.314083818942571,-1.4190615530312736,1.9755313007233162,0.0,23.7722316832278,0.12902905182807498,0.12902905182807498
1762251146.2322898,-6.257012658191453,-1.4739252414710953,1.9008970532220513,0.0,23.853976705725394,0.13319801214607416,0.13319801214607416
1762251146.363956,-6.129313353986332,-1.5445094311526602,1.5736295496737307,0.0,24.010741373916343,0.16992716919698736,0.16992716919698736
1762251146.38766,-6.046179150026792,-1.6229122697812792,1.4056375826558254,0.0,24.133708256897588,0.1604157922593133,0.1604157922593133
1762251146.6192048,-5.687124573821425,-1.8561980243466119,1.2330192355324927,0.0,24.597569366239423,0.147035095682969,0.147035095682969
1762251146.8466477,-5.458178570376377,-1.9408191146059224,1.224443674352515,0.0,24.859307619036866,0.1493671954631206,0.1493671954631206
1762251147.1660216,-4.986316886725715,-1.9746570280782232,1.4616384173773804,0.0,25.36740927217026,0.20716091273433485,0.20716091273433485
1762251147.307036,-4.696062789699828,-1.9715608257176653,1.8921099527091052,0.0,25.680815308909363,0.2204867129568541,0.2204867129568541
1762251147.5614545,-4.0700722509963425,-2.0562556841768913,2.416517097726801,0.0,26.320334661847305,0.0669366763376328,0.0669366763376328
1762251147.7225444,-3.6794406945370475,-2.1111906667641467,2.704327186288602,0.0,26.687412611061653,-0.07724438127602952,0.07724438127602952
1762251147.993341,-2.865119469281625,-2.01927730976062,2.8481793170635537,0.0,27.46630296087794,-0.2623460530778429,0.2623460530778429
1762251148.2435408,-2.237521160595162,-1.8257924603510067,2.3034851695876153,0.0,28.103438833066324,-0.34483149497612153,0.34483149497612153
1762251148.4400997,-1.7557059977620915,-1.6116081334241992,2.0925276964111488,0.0,28.629796426182875,-0.36102790438545806,0.36102790438545806
1762251148.6372676,-1.366930414432543,-1.4459555510158661,1.7916320415508658,0.0,29.05988536169083,-0.3760302654767177,0.3760302654767177
1762251148.9561152,-0.7679193149686874,-1.1744428381097163,1.5613383747979823,0.0,29.744330721938404,-0.355246356051366,0.355246356051366
1762251149.0876465,-0.5006107498053819,-1.0964052466672687,1.9170157611290957,0.0,30.038242316159018,-0.3683292732983652,0.3683292732983652
1762251149.2543387,-0.12243908695096833,-0.9704903502504045,2.2665537398343996,0.0,30.468055753839057,-0.3467424229311289,0.3467424229311289
1762251149.4072583,0.3338849789866676,-0.7225496011538844,1.9722528344159016,0.0,30.99387384542699,-0.16954318634840115,0.16954318634840115
1762251149.5161896,0.5459249991096108,-0.6944697064821352,1.7652338448291511,0.0,31.218528175481698,-0.14949314297902114,0.14949314297902114
1762251149.9401867,1.5009525672430652,-0.8710262323166175,2.607609550087356,0.0,32.23861275760982,-0.17710508803879235,0.17710508803879235
1762251150.1498435,2.0579899203794523,-1.0880679157365816,2.733548111238524,0.0,32.855763628938895,-0.19698794384297622,0.19698794384297622
1762251150.3408208,2.6982720450957203,-1.3265515439083104,3.2522078107002614,0.0,33.549734720462574,-0.14967469920502802,0.14967469920502802
1762251150.5073183,3.225818992125483,-1.515110759018112,2.9590734307393642,0.0,34.10849643062647,-0.07825935365209208,0.07825935365209208
1762251150.6737723,3.7674378350323274,-1.7240295311816214,3.0811885361068345,0.0,34.68507927657489,-0.01300316399950791,0.01300316399950791
1762251150.9212286,4.659895130720089,-2.099177262139992,3.4687160947190065,0.0,35.653435325137636,0.008759476130067341,0.008759476130067341
1762251151.1148765,5.424526251573899,-2.382212578801584,3.5640914925672003,0.0,36.461610067288184,-0.06131152477437311,0.06131152477437311
1762251151.2944624,6.148179548265654,-2.4454529870793578,3.6020806171907815,0.0,37.17162583089247,-0.08403511366313605,0.08403511366313605
1762251151.5282464,7.017478693451355,-2.280951792880522,3.4604665695205883,0.0,38.01393251020434,-0.14826769087038025,0.14826769087038025
1762251151.962743,8.212494553830435,-1.1548677261896652,2.752135968083506,0.0,1.067586959628259,-0.29801388743094914,0.29801388743094914
1762251152.3079703,8.779069607552708,-0.5247998639689407,2.247123236793908,0.0,1.722087015482797,-0.6679406236220324,0.6679406236220324
1762251152.4875946,8.462467696135958,-0.35937389866133485,1.3398351002812037,0.0,1.8205219758972124,-0.32973768067223974,0.32973768067223974
1762251152.7467935,8.580390990929008,-0.1494221023007228,1.6257089402351723,0.0,2.0173409988887285,-0.42515988075222444,0.42515988075222444
1762251153.0913513,8.517946062044032,0.5386304689772398,1.533238460261568,0.0,2.6304585822335094,-0.37940005145626476,0.37940005145626476
1762251153.3916507,8.36157430459478,1.0020400250680657,1.6772601698665226,0.0,3.0696867054402834,-0.31108446076141166,0.31108446076141166
1762251153.766547,7.944593515504294,1.8161061930559277,2.3123356989901653,0.0,3.916819351341751,-0.219667801410651,0.219667801410651
1762251154.0841436,7.367039421730213,2.578035062260613,2.310797211542934,0.0,4.819336340964995,-0.20064472791637816,0.20064472791637816
1762251154.3747747,6.62741675667557,3.1224258173354795,2.5685302099357115,0.0,5.698727598024871,-0.1507022093235596,0.1507022093235596
1762251154.5470335,5.9576554465488885,3.2908323251618676,2.1850565083891893,0.0,6.356840246102054,0.03335966056714061,0.03335966056714061
1762251154.8357646,5.374097041540644,3.522053436545938,1.7972690114713095,0.0,6.988894390183503,0.04511859924769749,0.04511859924769749
1762251155.180278,4.827892614320342,3.7795405828945507,2.226494509984885,0.0,7.587417492240623,-0.03897045050515888,0.03897045050515888
1762251155.3829868,4.344387732576636,3.8941979545039027,2.5954430640731365,0.0,8.082149729550753,-0.039839417326010054,0.039839417326010054
1762251155.6343527,3.6669646190319556,4.059650732174856,3.3342002031738516,0.0,8.77404042573047,-0.08785333878227913,0.08785333878227913
1762251156.0151074,2.4194261688142102,4.045052782876756,3.363951659589604,0.0,10.012073566867555,0.052813417645466064,0.052813417645466064
1762251156.1930761,1.743691871002693,3.9991766568956053,3.4895968797871983,0.0,10.684825351968836,0.14129595702293526,0.14129595702293526
1762251156.4665136,0.7367944087372094,3.997500959594299,3.5766816456894026,0.0,11.691329219944345,0.1970152320396685,0.1970152320396685
1762251156.7852676,-0.5516381314098304,4.153537207438461,3.5860439900177203,0.0,12.988048346096855,0.0943699209675495,0.0943699209675495
1762251157.136142,-1.998798835541916,4.2713391895856665,2.8628089879334713,0.0,14.437759049290166,-0.015260293359930054,0.015260293359930054
1762251157.393403,-2.6397215037792807,4.2106185529884135,2.3069563010271645,0.0,15.081007292653238,0.01109152750089859,0.01109152750089859
1762251157.6781025,-3.5311703641199035,4.106603009215885,2.8873000023220015,0.0,15.979445808324762,0.002429980009139463,0.002429980009139463
1762251157.8380296,-4.098426532336929,4.001443276788838,2.965756569348383,0.0,16.555603700840724,-0.01666389737456829,0.01666389737456829
1762251158.0038285,-4.663625443871104,3.915964820325656,2.695238353147987,0.0,17.114861284098925,-0.10432571788849473,0.10432571788849473
1762251158.305674,-5.479893130860961,3.578379167924904,2.4788977840171467,0.0,17.974717566200326,-0.14688015734909748,0.14688015734909748
1762251158.54432,-5.93236374998567,3.2241891495068002,2.983604826549943,0.0,18.536099076655542,-0.11302247488928219,0.11302247488928219
1762251158.8330028,-6.593851303099482,2.335832842534528,2.78152592161598,0.0,19.62090820355658,-0.010049440004941308,0.010049440004941308
1762251159.0991611,-7.014295563045963,1.5830375952182834,3.1990294425097052,0.0,20.47801710482101,-0.044368376733134325,0.044368376733134325
1762251159.2844496,-7.214477449857469,0.8867800670720489,3.2237223446350116,0.0,21.19114350813191,-0.06911608047260599,0.06911608047260599
1762251159.500367,-7.265283104630166,0.03888999025018528,3.419945569652871,0.0,22.016257467650544,-0.11838742336946265,0.11838742336946265
1762251159.8257034,-6.966994939456955,-1.0970421645577237,3.5386680185638557,0.0,23.13255323350596,-0.20304134708959437,0.20304134708959437
1762251160.131987,-6.15659764716889,-1.9255159366659929,3.5231902561505155,0.0,24.225108280358715,-0.14848142964054872,0.14848142964054872
1762251160.2877955,-5.320465197145101,-2.235965861298146,3.511331596592034,0.0,25.069794385894003,-0.10149778119317555,0.10149778119317555
1762251160.6002865,-4.324305036566834,-2.3877509804720805,2.938680808254418,0.0,26.023506525064434,-0.22114984917269426,0.22114984917269426
1762251160.8513694,-3.466506903363463,-2.278149180619639,3.224332318400675,0.0,26.838851862727786,-0.29777096643394857,0.29777096643394857
1762251161.1342902,-2.4985973486607964,-1.978505022012593,3.3728520739571004,0.0,27.808098755457397,-0.37241325770131234,0.37241325770131234
1762251161.3466048,-1.787756335307721,-1.6699958033501463,3.4467475702775423,0.0,28.57511760328516,-0.3997753385484287,0.3997753385484287
1762251161.6161509,-0.9699174084859434,-1.2330951311191385,3.5493226047972146,0.0,29.524382570025278,-0.33736186522513234,0.33736186522513234
1762251161.8967593,0.309255233765569,-0.6488996492070507,3.332683267648428,0.0,30.974180925284866,-0.09421451529275511,0.09421451529275511
1762251162.157195,1.165214794596253,-0.5802065395703097,2.8371481819505564,0.0,31.836929217895566,0.026204284003190536,0.026204284003190536
1762251162.3944988,1.9284632951108274,-0.9056071609075407,2.9535716803930323,0.0,32.6648639065991,-0.07433114428596106,0.07433114428596106
1762251162.6110337,2.5681348757657823,-1.2623233226168264,3.3773676148431933,0.0,33.40301495024106,-0.14861318146493596,0.14861318146493596
1762251163.123978,4.553313945780666,-2.00255438739695,3.5509760442990053,0.0,35.518631110460646,0.061063059960922324,0.061063059960922324
1762251163.3990984,5.714731955007761,-2.2779963499387232,3.557000439911105,0.0,36.736885846760345,0.07970808219958693,0.07970808219958693
1762251163.8218942,7.352970250742654,-2.3900433362513316,3.4605673864220434,0.0,38.22416239540814,-0.4079619412565366,0.4079619412565366
1762251164.1994538,8.391176496283892,-1.3870158428666841,3.400303429928193,0.0,0.9480683348520776,-0.556199111676554,0.556199111676554
1762251164.4253721,8.79350965723946,-0.7175370690235833,3.3560878822167104,0.0,1.5707187056963243,-0.7195558901284156,0.7195558901284156
1762251164.6652005,8.933933620768533,0.1827383674726079,3.387082779656595,0.0,2.3043096025028773,-0.7701427729280473,0.7701427729280473
1762251165.0898128,8.83943754955206,1.71486474225283,3.550312837407347,0.0,3.515505090938581,-0.988161570517495,0.988161570517495
1762251165.3067331,8.3473039686409,2.442881407375456,3.4000836776377077,0.0,4.202585400552194,-0.8874040782149042,0.8874040782149042
1762251165.5711565,7.621652479320473,3.197765378866414,3.456663125940471,0.0,5.0383315841445135,-0.8221680411936831,0.8221680411936831
1762251165.887194,6.59102826285181,3.8413570379160342,3.450591643682668,0.0,6.067966394303342,-0.7472545826100394,0.7472545826100394
1762251166.0729804,5.852637388686594,4.154237328723135,3.4460338077807813,0.0,6.7758432264028565,-0.7154287637361813,0.7154287637361813
1762251166.5273561,4.521336831064476,4.674911537328725,3.437150497373913,0.0,8.067848671906736,-0.8402155107225926,0.8402155107225926
1762251166.7172134,3.6470607780627327,4.645632077025451,3.4341160122545333,0.0,8.871339193931831,-0.6655814517602107,0.6655814517602107
1762251166.984129,2.724050318545316,4.630457548940665,3.4363156738707707,0.0,9.754607812371558,-0.5538128067555498,0.5538128067555498
1762251167.4759226,1.0401106110891087,4.473818004454091,3.4323956301696406,0.0,11.41305170848308,-0.2943089952556587,0.2943089952556587
1762251167.7247462,-0.02413592709707477,4.37044387726883,3.430646361386662,0.0,12.468616174071578,-0.1407970873365342,0.1407970873365342
1762251168.1202495,-1.6507109486848859,4.308816589253157,3.497399123109244,0.0,14.089653560266246,-0.04617623102202535,0.04617623102202535
1762251168.4886377,-3.1125281138809435,4.299984901470807,3.5472650723008283,0.0,15.53958832648972,-0.12597947492500017,0.12597947492500017
1762251168.715857,-4.102614363440304,4.030874638028841,2.854452414171261,0.0,16.55216471216029,-0.04619018225497729,0.04619018225497729
1762251169.0203638,-4.816544594629261,3.6203874091717574,2.3790077532562344,0.0,17.365998562937417,0.11448143311362742,0.11448143311362742
1762251169.1943147,-5.117245792598667,3.463932060854763,2.2925643343720488,0.0,17.713668178207165,0.12908089518463928,0.12908089518463928
1762251169.2994628,-5.433967924197651,3.3027114790541323,2.5172338184139127,0.0,18.078753470651098,0.11226589526221978,0.11226589526221978
1762251169.6446118,-6.091662463475151,2.651232944906769,2.6156406703129256,0.0,19.056093680761958,0.20240144555025316,0.20240144555025316
1762251170.0102816,-6.669307073695561,1.7610545303928147,1.8142610535449446,0.0,20.173914889600145,0.20558332771894688,0.20558332771894688
1762251170.2113023,-6.815668425643488,1.4382501403240402,1.2223699678916629,0.0,20.549313890234465,0.191332157430724,0.191332157430724
1762251170.342312,-6.850433710277914,1.2996241733144895,1.0389982229671093,0.0,20.70067722978211,0.20044830432462207,0.20044830432462207
1762251170.5210843,-6.919140367850384,1.1044183144708069,0.9769264180524426,0.0,20.91960960580042,0.18302901446373118,0.18302901446373118
1762251171.0616775,-6.987770512960224,0.3282165638670163,1.7192763069045476,0.0,21.74999194144471,0.18422995637452258,0.18422995637452258
1762251171.2717052,-6.99405061785722,-0.12638450515925975,2.3414955152975767,0.0,22.225174096640576,0.12113457569494114,0.12113457569494114
1762251171.4786792,-6.806385948423957,-0.7509645733811893,2.3146665879436643,0.0,22.904814758651284,0.10046104933134105,0.10046104933134105
1762251171.7133448,-6.470711644805207,-1.3241739161221393,2.8706707623924514,0.0,23.59335332894286,0.07563438732022261,0.07563438732022261
1762251172.065987,-5.404398300221294,-2.1319142651602414,3.2569997342968384,0.0,24.96689804917353,-0.01952529029207656,0.01952529029207656
1762251172.4144077,-4.082515858347854,-2.3395178489667177,3.4056787166107423,0.0,26.256995093171437,-0.20918971766782551,0.20918971766782551
1762251172.6012952,-3.445958142936775,-2.3409193498538112,3.4771626020068456,0.0,26.839740948280586,-0.36381217430874635,0.36381217430874635
1762251172.9585583,-2.120509195665386,-1.982362542904326,3.477473173076485,0.0,28.14093491733959,-0.5365543345552719,0.5365543345552719
1762251173.2141461,-1.3189858008538204,-1.6507110364204054,3.1645434943726305,0.0,29.017169419304942,-0.5822268639305314,0.5822268639305314
1762251173.4258955,-0.48996070106242345,-1.2783403805715585,3.236859711103443,0.0,29.988735587894787,-0.5447115071010242,0.5447115071010242
1762251173.6960065,0.2494039602715749,-0.9829005809392171,2.6633620512724545,0.0,30.875128040523744,-0.42103748972974947,0.42103748972974947
1762251174.0537233,1.5716183717114727,-0.8878987232907476,3.3448944885721392,0.0,32.31371070276673,-0.17304271539625543,0.17304271539625543
1762251174.1821065,2.112189991372582,-0.8959958446643765,3.4714942447286767,0.0,32.833474008110564,0.0013699411803364727,0.0013699411803364727
1762251174.5084279,3.21971905205558,-1.3438884330311278,3.5455136682954325,0.0,34.023859840724256,0.070708062674947,0.070708062674947
1762251174.7194655,4.046179561884782,-1.8873454511738434,3.5760664604782995,0.0,35.006607010453614,-0.036384155837853,0.036384155837853
1762251175.102249,5.462772066752494,-2.395928493641532,3.5650827036258037,0.0,36.50085653652111,-0.06854218167933344,0.06854218167933344
1762251175.3299904,6.5593289084255115,-2.3147008863750864,3.520156088097068,0.0,37.58965789107064,-0.0200310316330276,0.0200310316330276
1762251175.5393715,7.266901914849524,-2.11789601661082,3.370190748345599,0.0,38.29152161010988,-0.13350543008942461,0.13350543008942461
1762251175.9983633,8.475805733258523,-0.975107960191994,3.3539506918504483,0.0,1.2960451131053012,-0.4814720702538018,0.4814720702538018
1762251176.2724051,8.864689385473925,0.04552228142833103,3.3940288065263227,0.0,2.1928726079923857,-0.7006835764952761,0.7006835764952761
1762251176.5411844,8.916434375508873,1.0977977205104275,3.301459506053099,0.0,3.0344835557503727,-0.8725823941867619,0.8725823941867619
1762251176.867204,8.56993449054331,2.2279323645167493,3.444420150493721,0.0,3.9659243145031517,-0.9661664113279617,0.9661664113279617
1762251177.3083787,7.464779322821793,3.4532818882595615,3.1762030954133342,0.0,5.271093577188562,-0.9132599820755933,0.9132599820755933
1762251177.5484245,6.7071537737751585,3.98646210095099,3.402873077291485,0.0,6.04208320206851,-0.9305581983017922,0.9305581983017922
1762251178.0649638,4.940255002786615,4.627591187213606,3.430437382229016,0.0,7.686350417824852,-0.8880289704602873,0.8880289704602873
1762251178.327078,4.322101946649704,4.877912097497887,2.7489161007789478,0.0,8.282635708527499,-1.0010020654423983,1.0010020654423983
1762251178.6886654,4.387759944408255,5.627805995264397,2.75608314685929,0.0,8.344323268439899,-1.7505085358189039,1.7505085358189039
1762251179.1629238,4.4569222553061305,6.277915111952885,2.8493361535495128,0.0,8.38258630549342,-2.4026978778969874,2.4026978778969874
1762251179.4532154,4.352556513910024,6.632335980040961,2.6506597723015766,0.0,8.514929717520818,-2.7346784374782196,2.7346784374782196
1762251179.858417,4.270441206807809,7.060252291666181,0.24990748243378652,0.0,8.634073154283513,-3.144472337215299,3.144472337215299
1762251180.110427,3.91534661112089,7.154994746044275,-0.05422478420419242,0.0,8.92777161699133,-3.188440914000633,3.188440914000633
1762251180.4656954,4.0616482870701835,7.000263486427458,-2.282375128540006,0.0,8.792536149567487,-3.05476256881376,3.05476256881376
1762251180.85439,0.9027582525317271,4.087597180176818,-4.487156356299259,0.0,11.529978702264849,0.09855541345305412,0.09855541345305412
1762251181.2092347,1.6849159411867265,4.2508165884436115,-3.7248934144760977,0.0,10.75780658749501,-0.10660228787375832,0.10660228787375832
1762251181.4218047,0.9479696573005363,4.478785961213259,-2.45643474572923,0.0,11.505137494882623,-0.2944518880581111,0.2944518880581111
1762251181.6669192,0.21833762005203824,4.490930356173347,-1.384265467970853,0.0,12.232189533713736,-0.2713288714159838,0.2713288714159838
1762251182.1060863,-0.11042358441099151,4.040556377426493,0.05378864810829506,0.0,12.541931302055152,0.1922216055084692,0.1922216055084692
1762251182.4017153,-0.2580000553029175,3.8838198379685167,0.8676696325356875,0.0,12.684315007466537,0.35434372961355176,0.35434372961355176
1762251182.5957205,-0.3113656750530357,3.9554699038010943,1.5230019207676322,0.0,12.740536619142922,0.2846217655354641,0.2846217655354641
1762251182.9973378,0.43917425996370746,4.35767270706233,2.3460376881712435,0.0,12.006201600599695,-0.14822660875476054,0.14822660875476054
1762251183.2628715,0.27599445969639413,5.161785936759369,2.917904279545048,0.0,12.204329626678097,-0.9440704210859059,0.9440704210859059
1762251183.5632086,-0.3596697332303182,4.9444661114534005,3.4371481463884654,0.0,12.821968511627027,-0.7021698950903934,0.7021698950903934
1762251183.953973,-0.5787440670057641,4.724930783451689,2.985469729647985,0.0,13.031453726938384,-0.4760025078527594,0.4760025078527594
1762251184.2375085,-0.07342858190140203,7.359981905383169,3.6296286658734878,0.0,12.627943851576717,-3.1262340288056607,3.1262340288056607
1762251184.523239,-0.14649132717899724,7.489881546961097,3.4377855118890737,0.0,12.701089260435017,-3.253400408430005,3.253400408430005
1762251185.087614,1.598332496390211,4.873735359774371,-0.0003651786075682063,0.0,10.878546601937755,-0.72372400292561,0.72372400292561
1762251185.3101888,-1.4150533521793958,4.706672363009459,-0.00038185754075207353,0.0,13.855690122070365,-0.4433914710114111,0.4433914710114111
1762251185.5666158,-1.3970601872506392,4.673636707026654,-0.0002811442062618246,0.0,13.83793046623063,-0.41041574010371923,0.41041574010371923
1762251185.9657445,-1.3013395493917101,4.676101866912466,-0.00019237402028137967,0.0,13.743897989262488,-0.41343421592338087,0.41343421592338087
1762251186.3030045,-0.8267774450103971,4.727621538854129,-0.0001579515784512427,0.0,13.27662895084918,-0.4723857283043281,0.4723857283043281
1762251186.650267,-0.5501230218000202,4.748556776520336,-0.0001445061834803773,0.0,13.003834608260696,-0.5004401820675445,0.5004401820675445
1762251187.1588857,-0.33832646393215876,5.007950479983198,-0.00011206156138516203,0.0,12.803040070201732,-0.7663285547097417,0.7663285547097417
1762251187.4638062,-0.32404273153178237,5.114737705880366,-8.82340247113648e-05,0.0,12.79252705675421,-0.8735348326746959,0.8735348326746959
1762251187.6203513,-0.48486162257068377,4.795386267633488,-0.0013635103950114167,0.0,12.94074591712175,-0.5491896822972144,0.5491896822972144
1762251188.1071734,-0.1805455104801606,4.542819079361564,-5.443441481189206e-05,0.0,12.630859107741491,-0.3070370997915309,0.3070370997915309
1762251188.372267,-0.265467361930982,4.510393058334477,-4.519354693040927e-05,0.0,12.714082139306711,-0.2715677235443665,0.2715677235443665
1762251188.5813353,-0.25983979411909575,4.493676726684239,-0.0009304192981813719,0.0,12.70790025668647,-0.25506061154142123,0.25506061154142123
1762251189.2904682,-1.0411586142119866,4.543444980753565,-2.2991441903128507e-05,0.0,13.48522476849494,-0.28404066500774505,0.28404066500774505
1762251189.659845,-1.5090734058993414,4.554198211793371,-2.3599403174309516e-05,0.0,13.947998222040448,-0.29084511585494865,0.29084511585494865
1762251189.962541,-1.5878125712190383,4.523549007161458,-2.22731439086625e-09,0.0,14.025763261570793,-0.26046185844547315,0.26046185844547315
1762251190.2516215,-1.627316107573417,4.507711319739006,-1.8423504805076263e-09,0.0,14.064849579466577,-0.24487604373450728,0.24487604373450728
1762251190.609153,-1.6471966265972995,4.488470726287117,-0.0006043518092185674,0.0,14.084633301153351,-0.22579356561384908,0.22579356561384908
1762251190.9846203,-1.6972129895990256,4.500592384585164,-0.00018995310086493799,0.0,14.133903669414238,-0.23840438541669148,0.23840438541669148
1762251191.2746017,-1.7185250768881197,4.501974621468172,-0.0001385151832104009,0.0,14.154916846597992,-0.2400365321156327,0.2400365321156327
1762251191.5978003,-1.7458660544056668,4.4936109292041175,-0.00011504339744144517,0.0,14.182002090320392,-0.2320313311598585,0.2320313311598585
1762251191.960873,-1.7664693496788197,4.480165540224057,-5.051055856845914e-06,0.0,14.20253083566547,-0.21888499249145918,0.21888499249145918
1762251192.364571,-1.5714109085924297,4.511741845725925,-7.010807202362754e-05,0.0,14.009631027988515,-0.24857391621257127,0.24857391621257127
1762251192.6982179,-1.4077746701769425,4.775050493635445,-5.668316748740229e-05,0.0,13.848771595489959,-0.5117916615462059,0.5117916615462059
1762251193.2168546,-1.654471647054551,4.697708544128276,-4.039380668172051e-05,0.0,14.090013303682236,-0.43508619816088595,0.43508619816088595
1762251193.4377377,-1.786586449194979,4.7064805712932385,-2.9852491388741087e-06,0.0,14.218819452644897,-0.44548489394176005,0.44548489394176005
1762251193.8020568,-2.0171666317905066,4.788036833162384,0.5565667077852412,0.0,14.440681894009717,-0.5322757285834168,0.5322757285834168
1762251194.1672986,-2.3396066469207732,5.057155845665909,2.4600242346827033,0.0,14.737583811226747,-0.8141773829383954,0.8141773829383954
1762251194.3822837,-2.3136766000149995,5.483431681116767,3.1378248908080555,0.0,14.69400903928314,-1.2386473252356223,1.2386473252356223
1762251194.6380668,-2.364160289316935,5.989442541244614,2.408966531932097,0.0,14.717194429443921,-1.746517237312339,1.746517237312339
1762251195.0972867,-2.5875585523387628,5.744778579272522,-2.4956297375866576e-08,0.0,14.9269427068059,-1.5151907184706703,1.5151907184706703
1762251195.503229,-2.5283240294982354,5.4759745139439255,-0.00015028011648745754,0.0,14.889511808937844,-1.2431099018428045,1.2431099018428045
1762251195.8440523,-2.4393401314736503,4.813819186828321,-0.0022196297699463045,0.0,14.844755738686423,-0.5767353847271526,0.5767353847271526
1762251196.320326,-2.595136715519955,4.749034410711824,-0.0001188615410278449,0.0,14.997443068069268,-0.5223712896070787,0.5223712896070787
1762251196.5270543,-2.627569951462419,4.735132761153115,-0.0014398642628256993,0.0,15.029372658805565,-0.5109028374853979,0.5109028374853979
1762251197.0155513,-2.885075526799744,4.829555304977268,-7.168037672222528e-05,0.0,15.265324645139637,-0.6271245030583174,0.6271245030583174
1762251197.4597,-3.01580458410531,4.782053578578052,-4.582026527019364e-05,0.0,15.392515366185851,-0.5933840955974024,0.5933840955974024
